--
-- PostgreSQL database dump
--

-- Dumped from database version 14.2
-- Dumped by pg_dump version 14.2

SET statement_timeout = 0;
SET lock_timeout = 0;
SET idle_in_transaction_session_timeout = 0;
SET client_encoding = 'UTF8';
SET standard_conforming_strings = on;
SELECT pg_catalog.set_config('search_path', '', false);
SET check_function_bodies = false;
SET xmloption = content;
SET client_min_messages = warning;
SET row_security = off;

SET default_tablespace = '';

SET default_table_access_method = heap;

--
-- Name: communities; Type: TABLE; Schema: public; Owner: postgres
--

CREATE TABLE public.communities (
    id integer NOT NULL,
    community character varying(150)
);


ALTER TABLE public.communities OWNER TO postgres;

--
-- Name: communities_id_seq; Type: SEQUENCE; Schema: public; Owner: postgres
--

CREATE SEQUENCE public.communities_id_seq
    AS integer
    START WITH 1
    INCREMENT BY 1
    NO MINVALUE
    NO MAXVALUE
    CACHE 1;


ALTER TABLE public.communities_id_seq OWNER TO postgres;

--
-- Name: communities_id_seq; Type: SEQUENCE OWNED BY; Schema: public; Owner: postgres
--

ALTER SEQUENCE public.communities_id_seq OWNED BY public.communities.id;


--
-- Name: doctor; Type: TABLE; Schema: public; Owner: postgres
--

CREATE TABLE public.doctor (
    id integer NOT NULL,
    fname character varying(30),
    lname character varying(30),
    email character varying(50),
    "phoneNumber" character varying(20),
    password character varying(100),
    "imgName" character varying(150),
    npi character varying(10),
    "practiceName" character varying(80),
    specialty character varying(80),
    timezone character varying(80),
    "userType" character varying(80)
);


ALTER TABLE public.doctor OWNER TO postgres;

--
-- Name: doctor_communities; Type: TABLE; Schema: public; Owner: postgres
--

CREATE TABLE public.doctor_communities (
    id integer NOT NULL,
    doctor_id integer,
    community_id integer
);


ALTER TABLE public.doctor_communities OWNER TO postgres;

--
-- Name: doctor_communities_id_seq; Type: SEQUENCE; Schema: public; Owner: postgres
--

CREATE SEQUENCE public.doctor_communities_id_seq
    AS integer
    START WITH 1
    INCREMENT BY 1
    NO MINVALUE
    NO MAXVALUE
    CACHE 1;


ALTER TABLE public.doctor_communities_id_seq OWNER TO postgres;

--
-- Name: doctor_communities_id_seq; Type: SEQUENCE OWNED BY; Schema: public; Owner: postgres
--

ALTER SEQUENCE public.doctor_communities_id_seq OWNED BY public.doctor_communities.id;


--
-- Name: patient; Type: TABLE; Schema: public; Owner: postgres
--

CREATE TABLE public.patient (
    id integer NOT NULL,
    fname character varying(30),
    lname character varying(30),
    email character varying(50),
    "phoneNumber" character varying(20),
    password character varying(100),
    timezone character varying(80),
    "userType" character varying(80)
);


ALTER TABLE public.patient OWNER TO postgres;

--
-- Name: schedule; Type: TABLE; Schema: public; Owner: postgres
--

CREATE TABLE public.schedule (
    id integer NOT NULL,
    doctor_id integer,
    "timeAvailable" timestamp without time zone,
    booked boolean,
    patient_id integer,
    description character varying(250),
    zoom character varying(250)
);


ALTER TABLE public.schedule OWNER TO postgres;

--
-- Name: schedule_id_seq; Type: SEQUENCE; Schema: public; Owner: postgres
--

CREATE SEQUENCE public.schedule_id_seq
    AS integer
    START WITH 1
    INCREMENT BY 1
    NO MINVALUE
    NO MAXVALUE
    CACHE 1;


ALTER TABLE public.schedule_id_seq OWNER TO postgres;

--
-- Name: schedule_id_seq; Type: SEQUENCE OWNED BY; Schema: public; Owner: postgres
--

ALTER SEQUENCE public.schedule_id_seq OWNED BY public.schedule.id;


--
-- Name: user; Type: TABLE; Schema: public; Owner: postgres
--

CREATE TABLE public."user" (
    id integer NOT NULL,
    type character varying(20)
);


ALTER TABLE public."user" OWNER TO postgres;

--
-- Name: user_id_seq; Type: SEQUENCE; Schema: public; Owner: postgres
--

CREATE SEQUENCE public.user_id_seq
    AS integer
    START WITH 1
    INCREMENT BY 1
    NO MINVALUE
    NO MAXVALUE
    CACHE 1;


ALTER TABLE public.user_id_seq OWNER TO postgres;

--
-- Name: user_id_seq; Type: SEQUENCE OWNED BY; Schema: public; Owner: postgres
--

ALTER SEQUENCE public.user_id_seq OWNED BY public."user".id;


--
-- Name: communities id; Type: DEFAULT; Schema: public; Owner: postgres
--

ALTER TABLE ONLY public.communities ALTER COLUMN id SET DEFAULT nextval('public.communities_id_seq'::regclass);


--
-- Name: doctor_communities id; Type: DEFAULT; Schema: public; Owner: postgres
--

ALTER TABLE ONLY public.doctor_communities ALTER COLUMN id SET DEFAULT nextval('public.doctor_communities_id_seq'::regclass);


--
-- Name: schedule id; Type: DEFAULT; Schema: public; Owner: postgres
--

ALTER TABLE ONLY public.schedule ALTER COLUMN id SET DEFAULT nextval('public.schedule_id_seq'::regclass);


--
-- Name: user id; Type: DEFAULT; Schema: public; Owner: postgres
--

ALTER TABLE ONLY public."user" ALTER COLUMN id SET DEFAULT nextval('public.user_id_seq'::regclass);


--
-- Data for Name: communities; Type: TABLE DATA; Schema: public; Owner: postgres
--

COPY public.communities (id, community) FROM stdin;
2	El Sobrante Gurdwara 
3	GTN Network - Kenya #1
4	Punjabi Speakers
5	Fresno Gurudwara
6	GTN
7	Silicon Valley Gurdwara
8	Neuro-Specialty
9	RotoCare Physicians
10	Hindi Speakers
1	-
\.


--
-- Data for Name: doctor; Type: TABLE DATA; Schema: public; Owner: postgres
--

COPY public.doctor (id, fname, lname, email, "phoneNumber", password, "imgName", npi, "practiceName", specialty, timezone, "userType") FROM stdin;
8	Malvinder	Virk	malvinder.virk@gmail.com	2349709486	sha256$IVypch0GIaPu7pSS$d38182023c4a08e5d74d3ea6deb28b256a2e1536058d7fd6d91f26c24b72068e	malvinder.jpeg	8609909325	Virk Surgery	General Surgery	Asia/Kolkata	doctor
4	Armaan	Johal	armaanj2016@gmail.com	9253248403	sha256$8LS3ekuPiwqzaSHR$775240fb2b19abe44bc2caa6b4e92b691739cb9fb845f8a5d506e6f4ec086035	armaan.jpg	1234567890	Johal Family Practice	Family Medicine	US/Pacific	doctor
10	Amneet	Virk-Dulai	amneet.virk@gmail.com	8602472336	sha256$Jufk6rqfJzaeGjRX$95b26602ef1efaea56cbdd77e8cf777c6f2c8426d5780b751eab984e82f84480	amneet.png	8907676529	CA Rheumatology & Wellness	Rheumatology	US/Pacific	doctor
12	Gurpreet	Padam	gurpreet.padam@gmail.com	4589209914	sha256$Ug6XCZUEddVzcmbk$fc33e30ef7fe56352389e1a0d053607c6cf1e309e8a93223fa6077ace3d8fa4b	gurpreet_padam.jpeg	7099062845	San Mateo Primary Care	Family Medicine	US/Pacific	doctor
14	Harjot	Dulai	harjot.dulai@gmail.com	4580860117	sha256$fdsac83LBJeGYkr1$846437759bc942e10cd2ccde5370f4cf820f1a569eaf9e2b39c557f506440e8a	harjot.png	9898709274	Central Valley Imaging	Radiology	US/Pacific	doctor
16	Jack	Higgins	jack.higgins@gmail.com	9458650096	sha256$csxAPxCszIPYaVSm$64caddb09a87b257c9467ef67d14ba0dc9ea382190c2523ed78fb23c2e0bfc8f	higgins.jpg	8540972835	Global Telehealth Network	Family Medicine	US/Pacific	doctor
18	Sumer	Johal	sumer.johal@gmail.com	4084761190	sha256$QksWBO7H0r55wDeR$1d609f569786fc16041b68bc79390cc668df295cf935ad255086d49b2701e61b	sumer.jpeg	4692011068	Bay Area Dermatology	Dermatology	US/Pacific	doctor
\.


--
-- Data for Name: doctor_communities; Type: TABLE DATA; Schema: public; Owner: postgres
--

COPY public.doctor_communities (id, doctor_id, community_id) FROM stdin;
1	4	2
2	4	3
3	8	6
4	8	4
5	8	5
6	10	5
7	10	4
8	12	7
9	12	4
10	12	6
11	14	8
12	14	5
13	14	4
14	16	6
15	16	9
16	18	4
17	18	10
18	18	2
\.


--
-- Data for Name: patient; Type: TABLE DATA; Schema: public; Owner: postgres
--

COPY public.patient (id, fname, lname, email, "phoneNumber", password, timezone, "userType") FROM stdin;
2	Armaan	Johal	armaanj2016@gmail.com	9253248403	sha256$Jkvxt2aP9GmCy49E$bd891b4846e42b926975215edf74a7b2f851e68be1864ec109a72071d6a32e93	US/Pacific	patient
\.


--
-- Data for Name: schedule; Type: TABLE DATA; Schema: public; Owner: postgres
--

COPY public.schedule (id, doctor_id, "timeAvailable", booked, patient_id, description, zoom) FROM stdin;
213	4	2022-03-09 23:00:00	t	2	I have pain in my lower back	Error: Email not registered with zoom.
668	8	2022-04-26 04:15:00	f	\N	\N	\N
669	8	2022-04-26 04:30:00	f	\N	\N	\N
670	8	2022-04-30 08:15:00	f	\N	\N	\N
671	8	2022-04-30 08:30:00	f	\N	\N	\N
672	8	2022-04-30 08:45:00	f	\N	\N	\N
673	8	2022-05-03 03:30:00	f	\N	\N	\N
674	8	2022-05-03 03:45:00	f	\N	\N	\N
675	8	2022-05-03 04:00:00	f	\N	\N	\N
676	8	2022-05-03 04:15:00	f	\N	\N	\N
677	8	2022-05-03 04:30:00	f	\N	\N	\N
678	8	2022-05-07 08:15:00	f	\N	\N	\N
679	8	2022-05-07 08:30:00	f	\N	\N	\N
680	8	2022-05-07 08:45:00	f	\N	\N	\N
681	8	2022-05-10 03:30:00	f	\N	\N	\N
682	8	2022-05-10 03:45:00	f	\N	\N	\N
683	8	2022-05-10 04:00:00	f	\N	\N	\N
684	8	2022-05-10 04:15:00	f	\N	\N	\N
685	8	2022-05-10 04:30:00	f	\N	\N	\N
686	8	2022-05-14 08:15:00	f	\N	\N	\N
687	8	2022-05-14 08:30:00	f	\N	\N	\N
688	8	2022-05-14 08:45:00	f	\N	\N	\N
689	8	2022-05-17 03:30:00	f	\N	\N	\N
690	8	2022-05-17 03:45:00	f	\N	\N	\N
691	8	2022-05-17 04:00:00	f	\N	\N	\N
692	8	2022-05-17 04:15:00	f	\N	\N	\N
693	8	2022-05-17 04:30:00	f	\N	\N	\N
694	8	2022-05-21 08:15:00	f	\N	\N	\N
695	8	2022-05-21 08:30:00	f	\N	\N	\N
696	8	2022-05-21 08:45:00	f	\N	\N	\N
697	8	2022-05-24 03:30:00	f	\N	\N	\N
698	8	2022-05-24 03:45:00	f	\N	\N	\N
699	8	2022-05-24 04:00:00	f	\N	\N	\N
700	8	2022-05-24 04:15:00	f	\N	\N	\N
701	8	2022-05-24 04:30:00	f	\N	\N	\N
702	8	2022-05-28 08:15:00	f	\N	\N	\N
703	8	2022-05-28 08:30:00	f	\N	\N	\N
704	8	2022-05-28 08:45:00	f	\N	\N	\N
705	8	2022-05-31 03:30:00	f	\N	\N	\N
706	8	2022-05-31 03:45:00	f	\N	\N	\N
707	8	2022-05-31 04:00:00	f	\N	\N	\N
708	8	2022-05-31 04:15:00	f	\N	\N	\N
709	8	2022-05-31 04:30:00	f	\N	\N	\N
710	8	2022-06-04 08:15:00	f	\N	\N	\N
711	8	2022-06-04 08:30:00	f	\N	\N	\N
712	8	2022-06-04 08:45:00	f	\N	\N	\N
713	8	2022-06-07 03:30:00	f	\N	\N	\N
714	8	2022-06-07 03:45:00	f	\N	\N	\N
715	8	2022-06-07 04:00:00	f	\N	\N	\N
716	8	2022-06-07 04:15:00	f	\N	\N	\N
717	8	2022-06-07 04:30:00	f	\N	\N	\N
718	8	2022-06-11 08:15:00	f	\N	\N	\N
719	8	2022-06-11 08:30:00	f	\N	\N	\N
720	8	2022-06-11 08:45:00	f	\N	\N	\N
721	8	2022-06-14 03:30:00	f	\N	\N	\N
722	8	2022-06-14 03:45:00	f	\N	\N	\N
723	8	2022-06-14 04:00:00	f	\N	\N	\N
724	8	2022-06-14 04:15:00	f	\N	\N	\N
725	8	2022-06-14 04:30:00	f	\N	\N	\N
726	8	2022-06-18 08:15:00	f	\N	\N	\N
727	8	2022-06-18 08:30:00	f	\N	\N	\N
728	8	2022-06-18 08:45:00	f	\N	\N	\N
729	8	2022-06-21 03:30:00	f	\N	\N	\N
730	8	2022-06-21 03:45:00	f	\N	\N	\N
731	8	2022-06-21 04:00:00	f	\N	\N	\N
732	8	2022-06-21 04:15:00	f	\N	\N	\N
733	8	2022-06-21 04:30:00	f	\N	\N	\N
734	8	2022-06-25 08:15:00	f	\N	\N	\N
735	8	2022-06-25 08:30:00	f	\N	\N	\N
736	8	2022-06-25 08:45:00	f	\N	\N	\N
737	8	2022-06-28 03:30:00	f	\N	\N	\N
738	8	2022-06-28 03:45:00	f	\N	\N	\N
739	8	2022-06-28 04:00:00	f	\N	\N	\N
740	8	2022-06-28 04:15:00	f	\N	\N	\N
741	8	2022-06-28 04:30:00	f	\N	\N	\N
742	8	2022-07-02 08:15:00	f	\N	\N	\N
743	8	2022-07-02 08:30:00	f	\N	\N	\N
744	8	2022-07-02 08:45:00	f	\N	\N	\N
745	8	2022-07-05 03:30:00	f	\N	\N	\N
746	8	2022-07-05 03:45:00	f	\N	\N	\N
747	8	2022-07-05 04:00:00	f	\N	\N	\N
748	8	2022-07-05 04:15:00	f	\N	\N	\N
749	8	2022-07-05 04:30:00	f	\N	\N	\N
750	8	2022-07-09 08:15:00	f	\N	\N	\N
751	8	2022-07-09 08:30:00	f	\N	\N	\N
752	8	2022-07-09 08:45:00	f	\N	\N	\N
753	8	2022-07-12 03:30:00	f	\N	\N	\N
754	8	2022-07-12 03:45:00	f	\N	\N	\N
755	8	2022-07-12 04:00:00	f	\N	\N	\N
756	8	2022-07-12 04:15:00	f	\N	\N	\N
757	8	2022-07-12 04:30:00	f	\N	\N	\N
758	8	2022-07-16 08:15:00	f	\N	\N	\N
759	8	2022-07-16 08:30:00	f	\N	\N	\N
760	8	2022-07-16 08:45:00	f	\N	\N	\N
761	8	2022-07-19 03:30:00	f	\N	\N	\N
762	8	2022-07-19 03:45:00	f	\N	\N	\N
763	8	2022-07-19 04:00:00	f	\N	\N	\N
764	8	2022-07-19 04:15:00	f	\N	\N	\N
765	8	2022-07-19 04:30:00	f	\N	\N	\N
766	8	2022-07-23 08:15:00	f	\N	\N	\N
767	8	2022-07-23 08:30:00	f	\N	\N	\N
768	8	2022-07-23 08:45:00	f	\N	\N	\N
769	8	2022-07-26 03:30:00	f	\N	\N	\N
770	8	2022-07-26 03:45:00	f	\N	\N	\N
771	8	2022-07-26 04:00:00	f	\N	\N	\N
772	8	2022-07-26 04:15:00	f	\N	\N	\N
773	8	2022-07-26 04:30:00	f	\N	\N	\N
774	8	2022-07-30 08:15:00	f	\N	\N	\N
775	8	2022-07-30 08:30:00	f	\N	\N	\N
776	8	2022-07-30 08:45:00	f	\N	\N	\N
777	8	2022-08-02 03:30:00	f	\N	\N	\N
778	8	2022-08-02 03:45:00	f	\N	\N	\N
779	8	2022-08-02 04:00:00	f	\N	\N	\N
780	8	2022-08-02 04:15:00	f	\N	\N	\N
781	8	2022-08-02 04:30:00	f	\N	\N	\N
782	8	2022-08-06 08:15:00	f	\N	\N	\N
783	8	2022-08-06 08:30:00	f	\N	\N	\N
784	8	2022-08-06 08:45:00	f	\N	\N	\N
785	8	2022-08-09 03:30:00	f	\N	\N	\N
786	8	2022-08-09 03:45:00	f	\N	\N	\N
787	8	2022-08-09 04:00:00	f	\N	\N	\N
788	8	2022-08-09 04:15:00	f	\N	\N	\N
789	8	2022-08-09 04:30:00	f	\N	\N	\N
790	8	2022-08-13 08:15:00	f	\N	\N	\N
791	8	2022-08-13 08:30:00	f	\N	\N	\N
792	8	2022-08-13 08:45:00	f	\N	\N	\N
793	8	2022-08-16 03:30:00	f	\N	\N	\N
794	8	2022-08-16 03:45:00	f	\N	\N	\N
795	8	2022-08-16 04:00:00	f	\N	\N	\N
796	8	2022-08-16 04:15:00	f	\N	\N	\N
797	8	2022-08-16 04:30:00	f	\N	\N	\N
798	8	2022-08-20 08:15:00	f	\N	\N	\N
799	8	2022-08-20 08:30:00	f	\N	\N	\N
800	8	2022-08-20 08:45:00	f	\N	\N	\N
801	8	2022-08-23 03:30:00	f	\N	\N	\N
802	8	2022-08-23 03:45:00	f	\N	\N	\N
803	8	2022-08-23 04:00:00	f	\N	\N	\N
804	8	2022-08-23 04:15:00	f	\N	\N	\N
805	8	2022-08-23 04:30:00	f	\N	\N	\N
806	8	2022-08-27 08:15:00	f	\N	\N	\N
807	8	2022-08-27 08:30:00	f	\N	\N	\N
808	8	2022-08-27 08:45:00	f	\N	\N	\N
809	8	2022-08-30 03:30:00	f	\N	\N	\N
810	8	2022-08-30 03:45:00	f	\N	\N	\N
811	8	2022-08-30 04:00:00	f	\N	\N	\N
812	8	2022-08-30 04:15:00	f	\N	\N	\N
813	8	2022-08-30 04:30:00	f	\N	\N	\N
814	8	2022-09-03 08:15:00	f	\N	\N	\N
815	8	2022-09-03 08:30:00	f	\N	\N	\N
816	8	2022-09-03 08:45:00	f	\N	\N	\N
817	8	2022-09-06 03:30:00	f	\N	\N	\N
818	8	2022-09-06 03:45:00	f	\N	\N	\N
819	8	2022-09-06 04:00:00	f	\N	\N	\N
820	8	2022-09-06 04:15:00	f	\N	\N	\N
821	8	2022-09-06 04:30:00	f	\N	\N	\N
1901	16	2022-03-03 00:00:00	f	\N	\N	\N
201	4	2022-02-28 16:00:00	f	\N	\N	\N
202	4	2022-02-28 16:15:00	f	\N	\N	\N
203	4	2022-02-28 16:30:00	f	\N	\N	\N
204	4	2022-02-28 16:45:00	f	\N	\N	\N
205	4	2022-03-02 23:00:00	f	\N	\N	\N
206	4	2022-03-02 23:15:00	f	\N	\N	\N
207	4	2022-03-02 23:30:00	f	\N	\N	\N
208	4	2022-03-02 23:45:00	f	\N	\N	\N
209	4	2022-03-07 16:00:00	f	\N	\N	\N
210	4	2022-03-07 16:15:00	f	\N	\N	\N
211	4	2022-03-07 16:30:00	f	\N	\N	\N
212	4	2022-03-07 16:45:00	f	\N	\N	\N
214	4	2022-03-09 23:15:00	f	\N	\N	\N
215	4	2022-03-09 23:30:00	f	\N	\N	\N
216	4	2022-03-09 23:45:00	f	\N	\N	\N
217	4	2022-03-14 16:00:00	f	\N	\N	\N
218	4	2022-03-14 16:15:00	f	\N	\N	\N
219	4	2022-03-14 16:30:00	f	\N	\N	\N
220	4	2022-03-14 16:45:00	f	\N	\N	\N
221	4	2022-03-16 23:00:00	f	\N	\N	\N
222	4	2022-03-16 23:15:00	f	\N	\N	\N
223	4	2022-03-16 23:30:00	f	\N	\N	\N
224	4	2022-03-16 23:45:00	f	\N	\N	\N
225	4	2022-03-21 16:00:00	f	\N	\N	\N
226	4	2022-03-21 16:15:00	f	\N	\N	\N
227	4	2022-03-21 16:30:00	f	\N	\N	\N
228	4	2022-03-21 16:45:00	f	\N	\N	\N
229	4	2022-03-23 23:00:00	f	\N	\N	\N
230	4	2022-03-23 23:15:00	f	\N	\N	\N
231	4	2022-03-23 23:30:00	f	\N	\N	\N
232	4	2022-03-23 23:45:00	f	\N	\N	\N
233	4	2022-03-28 16:00:00	f	\N	\N	\N
234	4	2022-03-28 16:15:00	f	\N	\N	\N
235	4	2022-03-28 16:30:00	f	\N	\N	\N
236	4	2022-03-28 16:45:00	f	\N	\N	\N
237	4	2022-03-30 23:00:00	f	\N	\N	\N
238	4	2022-03-30 23:15:00	f	\N	\N	\N
239	4	2022-03-30 23:30:00	f	\N	\N	\N
240	4	2022-03-30 23:45:00	f	\N	\N	\N
241	4	2022-04-04 16:00:00	f	\N	\N	\N
242	4	2022-04-04 16:15:00	f	\N	\N	\N
243	4	2022-04-04 16:30:00	f	\N	\N	\N
244	4	2022-04-04 16:45:00	f	\N	\N	\N
245	4	2022-04-06 23:00:00	f	\N	\N	\N
246	4	2022-04-06 23:15:00	f	\N	\N	\N
247	4	2022-04-06 23:30:00	f	\N	\N	\N
248	4	2022-04-06 23:45:00	f	\N	\N	\N
249	4	2022-04-11 16:00:00	f	\N	\N	\N
250	4	2022-04-11 16:15:00	f	\N	\N	\N
251	4	2022-04-11 16:30:00	f	\N	\N	\N
252	4	2022-04-11 16:45:00	f	\N	\N	\N
253	4	2022-04-13 23:00:00	f	\N	\N	\N
254	4	2022-04-13 23:15:00	f	\N	\N	\N
255	4	2022-04-13 23:30:00	f	\N	\N	\N
256	4	2022-04-13 23:45:00	f	\N	\N	\N
257	4	2022-04-18 16:00:00	f	\N	\N	\N
258	4	2022-04-18 16:15:00	f	\N	\N	\N
259	4	2022-04-18 16:30:00	f	\N	\N	\N
260	4	2022-04-18 16:45:00	f	\N	\N	\N
261	4	2022-04-20 23:00:00	f	\N	\N	\N
262	4	2022-04-20 23:15:00	f	\N	\N	\N
263	4	2022-04-20 23:30:00	f	\N	\N	\N
264	4	2022-04-20 23:45:00	f	\N	\N	\N
265	4	2022-04-25 16:00:00	f	\N	\N	\N
266	4	2022-04-25 16:15:00	f	\N	\N	\N
267	4	2022-04-25 16:30:00	f	\N	\N	\N
268	4	2022-04-25 16:45:00	f	\N	\N	\N
269	4	2022-04-27 23:00:00	f	\N	\N	\N
270	4	2022-04-27 23:15:00	f	\N	\N	\N
271	4	2022-04-27 23:30:00	f	\N	\N	\N
272	4	2022-04-27 23:45:00	f	\N	\N	\N
273	4	2022-05-02 16:00:00	f	\N	\N	\N
274	4	2022-05-02 16:15:00	f	\N	\N	\N
275	4	2022-05-02 16:30:00	f	\N	\N	\N
276	4	2022-05-02 16:45:00	f	\N	\N	\N
277	4	2022-05-04 23:00:00	f	\N	\N	\N
278	4	2022-05-04 23:15:00	f	\N	\N	\N
279	4	2022-05-04 23:30:00	f	\N	\N	\N
280	4	2022-05-04 23:45:00	f	\N	\N	\N
281	4	2022-05-09 16:00:00	f	\N	\N	\N
282	4	2022-05-09 16:15:00	f	\N	\N	\N
283	4	2022-05-09 16:30:00	f	\N	\N	\N
284	4	2022-05-09 16:45:00	f	\N	\N	\N
285	4	2022-05-11 23:00:00	f	\N	\N	\N
286	4	2022-05-11 23:15:00	f	\N	\N	\N
287	4	2022-05-11 23:30:00	f	\N	\N	\N
288	4	2022-05-11 23:45:00	f	\N	\N	\N
289	4	2022-05-16 16:00:00	f	\N	\N	\N
290	4	2022-05-16 16:15:00	f	\N	\N	\N
291	4	2022-05-16 16:30:00	f	\N	\N	\N
292	4	2022-05-16 16:45:00	f	\N	\N	\N
293	4	2022-05-18 23:00:00	f	\N	\N	\N
294	4	2022-05-18 23:15:00	f	\N	\N	\N
295	4	2022-05-18 23:30:00	f	\N	\N	\N
296	4	2022-05-18 23:45:00	f	\N	\N	\N
297	4	2022-05-23 16:00:00	f	\N	\N	\N
298	4	2022-05-23 16:15:00	f	\N	\N	\N
299	4	2022-05-23 16:30:00	f	\N	\N	\N
300	4	2022-05-23 16:45:00	f	\N	\N	\N
301	4	2022-05-25 23:00:00	f	\N	\N	\N
302	4	2022-05-25 23:15:00	f	\N	\N	\N
303	4	2022-05-25 23:30:00	f	\N	\N	\N
304	4	2022-05-25 23:45:00	f	\N	\N	\N
305	4	2022-05-30 16:00:00	f	\N	\N	\N
306	4	2022-05-30 16:15:00	f	\N	\N	\N
307	4	2022-05-30 16:30:00	f	\N	\N	\N
308	4	2022-05-30 16:45:00	f	\N	\N	\N
309	4	2022-06-01 23:00:00	f	\N	\N	\N
310	4	2022-06-01 23:15:00	f	\N	\N	\N
311	4	2022-06-01 23:30:00	f	\N	\N	\N
312	4	2022-06-01 23:45:00	f	\N	\N	\N
313	4	2022-06-06 16:00:00	f	\N	\N	\N
314	4	2022-06-06 16:15:00	f	\N	\N	\N
315	4	2022-06-06 16:30:00	f	\N	\N	\N
316	4	2022-06-06 16:45:00	f	\N	\N	\N
317	4	2022-06-08 23:00:00	f	\N	\N	\N
318	4	2022-06-08 23:15:00	f	\N	\N	\N
319	4	2022-06-08 23:30:00	f	\N	\N	\N
320	4	2022-06-08 23:45:00	f	\N	\N	\N
321	4	2022-06-13 16:00:00	f	\N	\N	\N
322	4	2022-06-13 16:15:00	f	\N	\N	\N
323	4	2022-06-13 16:30:00	f	\N	\N	\N
324	4	2022-06-13 16:45:00	f	\N	\N	\N
325	4	2022-06-15 23:00:00	f	\N	\N	\N
326	4	2022-06-15 23:15:00	f	\N	\N	\N
327	4	2022-06-15 23:30:00	f	\N	\N	\N
328	4	2022-06-15 23:45:00	f	\N	\N	\N
329	4	2022-06-20 16:00:00	f	\N	\N	\N
330	4	2022-06-20 16:15:00	f	\N	\N	\N
331	4	2022-06-20 16:30:00	f	\N	\N	\N
332	4	2022-06-20 16:45:00	f	\N	\N	\N
333	4	2022-06-22 23:00:00	f	\N	\N	\N
334	4	2022-06-22 23:15:00	f	\N	\N	\N
335	4	2022-06-22 23:30:00	f	\N	\N	\N
336	4	2022-06-22 23:45:00	f	\N	\N	\N
337	4	2022-06-27 16:00:00	f	\N	\N	\N
338	4	2022-06-27 16:15:00	f	\N	\N	\N
339	4	2022-06-27 16:30:00	f	\N	\N	\N
340	4	2022-06-27 16:45:00	f	\N	\N	\N
341	4	2022-06-29 23:00:00	f	\N	\N	\N
342	4	2022-06-29 23:15:00	f	\N	\N	\N
343	4	2022-06-29 23:30:00	f	\N	\N	\N
344	4	2022-06-29 23:45:00	f	\N	\N	\N
345	4	2022-07-04 16:00:00	f	\N	\N	\N
346	4	2022-07-04 16:15:00	f	\N	\N	\N
347	4	2022-07-04 16:30:00	f	\N	\N	\N
348	4	2022-07-04 16:45:00	f	\N	\N	\N
349	4	2022-07-06 23:00:00	f	\N	\N	\N
350	4	2022-07-06 23:15:00	f	\N	\N	\N
351	4	2022-07-06 23:30:00	f	\N	\N	\N
352	4	2022-07-06 23:45:00	f	\N	\N	\N
353	4	2022-07-11 16:00:00	f	\N	\N	\N
354	4	2022-07-11 16:15:00	f	\N	\N	\N
355	4	2022-07-11 16:30:00	f	\N	\N	\N
356	4	2022-07-11 16:45:00	f	\N	\N	\N
357	4	2022-07-13 23:00:00	f	\N	\N	\N
358	4	2022-07-13 23:15:00	f	\N	\N	\N
359	4	2022-07-13 23:30:00	f	\N	\N	\N
360	4	2022-07-13 23:45:00	f	\N	\N	\N
361	4	2022-07-18 16:00:00	f	\N	\N	\N
362	4	2022-07-18 16:15:00	f	\N	\N	\N
363	4	2022-07-18 16:30:00	f	\N	\N	\N
364	4	2022-07-18 16:45:00	f	\N	\N	\N
365	4	2022-07-20 23:00:00	f	\N	\N	\N
366	4	2022-07-20 23:15:00	f	\N	\N	\N
367	4	2022-07-20 23:30:00	f	\N	\N	\N
368	4	2022-07-20 23:45:00	f	\N	\N	\N
369	4	2022-07-25 16:00:00	f	\N	\N	\N
370	4	2022-07-25 16:15:00	f	\N	\N	\N
371	4	2022-07-25 16:30:00	f	\N	\N	\N
372	4	2022-07-25 16:45:00	f	\N	\N	\N
373	4	2022-07-27 23:00:00	f	\N	\N	\N
374	4	2022-07-27 23:15:00	f	\N	\N	\N
375	4	2022-07-27 23:30:00	f	\N	\N	\N
376	4	2022-07-27 23:45:00	f	\N	\N	\N
377	4	2022-08-01 16:00:00	f	\N	\N	\N
378	4	2022-08-01 16:15:00	f	\N	\N	\N
379	4	2022-08-01 16:30:00	f	\N	\N	\N
380	4	2022-08-01 16:45:00	f	\N	\N	\N
381	4	2022-08-03 23:00:00	f	\N	\N	\N
382	4	2022-08-03 23:15:00	f	\N	\N	\N
383	4	2022-08-03 23:30:00	f	\N	\N	\N
384	4	2022-08-03 23:45:00	f	\N	\N	\N
385	4	2022-08-08 16:00:00	f	\N	\N	\N
386	4	2022-08-08 16:15:00	f	\N	\N	\N
387	4	2022-08-08 16:30:00	f	\N	\N	\N
388	4	2022-08-08 16:45:00	f	\N	\N	\N
389	4	2022-08-10 23:00:00	f	\N	\N	\N
390	4	2022-08-10 23:15:00	f	\N	\N	\N
391	4	2022-08-10 23:30:00	f	\N	\N	\N
392	4	2022-08-10 23:45:00	f	\N	\N	\N
393	4	2022-08-15 16:00:00	f	\N	\N	\N
394	4	2022-08-15 16:15:00	f	\N	\N	\N
395	4	2022-08-15 16:30:00	f	\N	\N	\N
396	4	2022-08-15 16:45:00	f	\N	\N	\N
397	4	2022-08-17 23:00:00	f	\N	\N	\N
398	4	2022-08-17 23:15:00	f	\N	\N	\N
399	4	2022-08-17 23:30:00	f	\N	\N	\N
400	4	2022-08-17 23:45:00	f	\N	\N	\N
401	4	2022-08-22 16:00:00	f	\N	\N	\N
402	4	2022-08-22 16:15:00	f	\N	\N	\N
403	4	2022-08-22 16:30:00	f	\N	\N	\N
404	4	2022-08-22 16:45:00	f	\N	\N	\N
405	4	2022-08-24 23:00:00	f	\N	\N	\N
406	4	2022-08-24 23:15:00	f	\N	\N	\N
407	4	2022-08-24 23:30:00	f	\N	\N	\N
408	4	2022-08-24 23:45:00	f	\N	\N	\N
409	4	2022-08-29 16:00:00	f	\N	\N	\N
410	4	2022-08-29 16:15:00	f	\N	\N	\N
411	4	2022-08-29 16:30:00	f	\N	\N	\N
412	4	2022-08-29 16:45:00	f	\N	\N	\N
413	4	2022-08-31 23:00:00	f	\N	\N	\N
414	4	2022-08-31 23:15:00	f	\N	\N	\N
415	4	2022-08-31 23:30:00	f	\N	\N	\N
416	4	2022-08-31 23:45:00	f	\N	\N	\N
417	4	2022-09-05 16:00:00	f	\N	\N	\N
418	4	2022-09-05 16:15:00	f	\N	\N	\N
419	4	2022-09-05 16:30:00	f	\N	\N	\N
420	4	2022-09-05 16:45:00	f	\N	\N	\N
421	4	2022-09-07 23:00:00	f	\N	\N	\N
422	4	2022-09-07 23:15:00	f	\N	\N	\N
423	4	2022-09-07 23:30:00	f	\N	\N	\N
424	4	2022-09-07 23:45:00	f	\N	\N	\N
425	4	2022-09-12 16:00:00	f	\N	\N	\N
426	4	2022-09-12 16:15:00	f	\N	\N	\N
427	4	2022-09-12 16:30:00	f	\N	\N	\N
428	4	2022-09-12 16:45:00	f	\N	\N	\N
429	4	2022-09-14 23:00:00	f	\N	\N	\N
430	4	2022-09-14 23:15:00	f	\N	\N	\N
431	4	2022-09-14 23:30:00	f	\N	\N	\N
432	4	2022-09-14 23:45:00	f	\N	\N	\N
433	4	2022-09-19 16:00:00	f	\N	\N	\N
434	4	2022-09-19 16:15:00	f	\N	\N	\N
435	4	2022-09-19 16:30:00	f	\N	\N	\N
436	4	2022-09-19 16:45:00	f	\N	\N	\N
437	4	2022-09-21 23:00:00	f	\N	\N	\N
438	4	2022-09-21 23:15:00	f	\N	\N	\N
439	4	2022-09-21 23:30:00	f	\N	\N	\N
440	4	2022-09-21 23:45:00	f	\N	\N	\N
441	4	2022-09-26 16:00:00	f	\N	\N	\N
442	4	2022-09-26 16:15:00	f	\N	\N	\N
443	4	2022-09-26 16:30:00	f	\N	\N	\N
444	4	2022-09-26 16:45:00	f	\N	\N	\N
445	4	2022-09-28 23:00:00	f	\N	\N	\N
446	4	2022-09-28 23:15:00	f	\N	\N	\N
447	4	2022-09-28 23:30:00	f	\N	\N	\N
448	4	2022-09-28 23:45:00	f	\N	\N	\N
449	4	2022-10-03 16:00:00	f	\N	\N	\N
450	4	2022-10-03 16:15:00	f	\N	\N	\N
451	4	2022-10-03 16:30:00	f	\N	\N	\N
452	4	2022-10-03 16:45:00	f	\N	\N	\N
453	4	2022-10-05 23:00:00	f	\N	\N	\N
454	4	2022-10-05 23:15:00	f	\N	\N	\N
455	4	2022-10-05 23:30:00	f	\N	\N	\N
456	4	2022-10-05 23:45:00	f	\N	\N	\N
457	4	2022-10-10 16:00:00	f	\N	\N	\N
458	4	2022-10-10 16:15:00	f	\N	\N	\N
459	4	2022-10-10 16:30:00	f	\N	\N	\N
460	4	2022-10-10 16:45:00	f	\N	\N	\N
461	4	2022-10-12 23:00:00	f	\N	\N	\N
462	4	2022-10-12 23:15:00	f	\N	\N	\N
463	4	2022-10-12 23:30:00	f	\N	\N	\N
464	4	2022-10-12 23:45:00	f	\N	\N	\N
465	4	2022-10-17 16:00:00	f	\N	\N	\N
466	4	2022-10-17 16:15:00	f	\N	\N	\N
467	4	2022-10-17 16:30:00	f	\N	\N	\N
468	4	2022-10-17 16:45:00	f	\N	\N	\N
469	4	2022-10-19 23:00:00	f	\N	\N	\N
470	4	2022-10-19 23:15:00	f	\N	\N	\N
471	4	2022-10-19 23:30:00	f	\N	\N	\N
472	4	2022-10-19 23:45:00	f	\N	\N	\N
473	4	2022-10-24 16:00:00	f	\N	\N	\N
474	4	2022-10-24 16:15:00	f	\N	\N	\N
475	4	2022-10-24 16:30:00	f	\N	\N	\N
476	4	2022-10-24 16:45:00	f	\N	\N	\N
477	4	2022-10-26 23:00:00	f	\N	\N	\N
478	4	2022-10-26 23:15:00	f	\N	\N	\N
479	4	2022-10-26 23:30:00	f	\N	\N	\N
480	4	2022-10-26 23:45:00	f	\N	\N	\N
481	4	2022-10-31 16:00:00	f	\N	\N	\N
482	4	2022-10-31 16:15:00	f	\N	\N	\N
483	4	2022-10-31 16:30:00	f	\N	\N	\N
484	4	2022-10-31 16:45:00	f	\N	\N	\N
485	4	2022-11-02 23:00:00	f	\N	\N	\N
486	4	2022-11-02 23:15:00	f	\N	\N	\N
487	4	2022-11-02 23:30:00	f	\N	\N	\N
488	4	2022-11-02 23:45:00	f	\N	\N	\N
489	4	2022-11-07 16:00:00	f	\N	\N	\N
490	4	2022-11-07 16:15:00	f	\N	\N	\N
491	4	2022-11-07 16:30:00	f	\N	\N	\N
492	4	2022-11-07 16:45:00	f	\N	\N	\N
493	4	2022-11-09 23:00:00	f	\N	\N	\N
494	4	2022-11-09 23:15:00	f	\N	\N	\N
495	4	2022-11-09 23:30:00	f	\N	\N	\N
496	4	2022-11-09 23:45:00	f	\N	\N	\N
497	4	2022-11-14 16:00:00	f	\N	\N	\N
498	4	2022-11-14 16:15:00	f	\N	\N	\N
499	4	2022-11-14 16:30:00	f	\N	\N	\N
500	4	2022-11-14 16:45:00	f	\N	\N	\N
501	4	2022-11-16 23:00:00	f	\N	\N	\N
502	4	2022-11-16 23:15:00	f	\N	\N	\N
503	4	2022-11-16 23:30:00	f	\N	\N	\N
504	4	2022-11-16 23:45:00	f	\N	\N	\N
505	4	2022-11-21 16:00:00	f	\N	\N	\N
506	4	2022-11-21 16:15:00	f	\N	\N	\N
507	4	2022-11-21 16:30:00	f	\N	\N	\N
508	4	2022-11-21 16:45:00	f	\N	\N	\N
509	4	2022-11-23 23:00:00	f	\N	\N	\N
510	4	2022-11-23 23:15:00	f	\N	\N	\N
511	4	2022-11-23 23:30:00	f	\N	\N	\N
512	4	2022-11-23 23:45:00	f	\N	\N	\N
513	4	2022-11-28 16:00:00	f	\N	\N	\N
514	4	2022-11-28 16:15:00	f	\N	\N	\N
515	4	2022-11-28 16:30:00	f	\N	\N	\N
516	4	2022-11-28 16:45:00	f	\N	\N	\N
517	4	2022-11-30 23:00:00	f	\N	\N	\N
518	4	2022-11-30 23:15:00	f	\N	\N	\N
519	4	2022-11-30 23:30:00	f	\N	\N	\N
520	4	2022-11-30 23:45:00	f	\N	\N	\N
521	4	2022-12-05 16:00:00	f	\N	\N	\N
522	4	2022-12-05 16:15:00	f	\N	\N	\N
523	4	2022-12-05 16:30:00	f	\N	\N	\N
524	4	2022-12-05 16:45:00	f	\N	\N	\N
525	4	2022-12-07 23:00:00	f	\N	\N	\N
526	4	2022-12-07 23:15:00	f	\N	\N	\N
527	4	2022-12-07 23:30:00	f	\N	\N	\N
528	4	2022-12-07 23:45:00	f	\N	\N	\N
529	4	2022-12-12 16:00:00	f	\N	\N	\N
530	4	2022-12-12 16:15:00	f	\N	\N	\N
531	4	2022-12-12 16:30:00	f	\N	\N	\N
532	4	2022-12-12 16:45:00	f	\N	\N	\N
533	4	2022-12-14 23:00:00	f	\N	\N	\N
534	4	2022-12-14 23:15:00	f	\N	\N	\N
535	4	2022-12-14 23:30:00	f	\N	\N	\N
536	4	2022-12-14 23:45:00	f	\N	\N	\N
537	4	2022-12-19 16:00:00	f	\N	\N	\N
538	4	2022-12-19 16:15:00	f	\N	\N	\N
539	4	2022-12-19 16:30:00	f	\N	\N	\N
540	4	2022-12-19 16:45:00	f	\N	\N	\N
541	4	2022-12-21 23:00:00	f	\N	\N	\N
542	4	2022-12-21 23:15:00	f	\N	\N	\N
543	4	2022-12-21 23:30:00	f	\N	\N	\N
544	4	2022-12-21 23:45:00	f	\N	\N	\N
545	4	2022-12-26 16:00:00	f	\N	\N	\N
546	4	2022-12-26 16:15:00	f	\N	\N	\N
547	4	2022-12-26 16:30:00	f	\N	\N	\N
548	4	2022-12-26 16:45:00	f	\N	\N	\N
549	4	2022-12-28 23:00:00	f	\N	\N	\N
550	4	2022-12-28 23:15:00	f	\N	\N	\N
551	4	2022-12-28 23:30:00	f	\N	\N	\N
552	4	2022-12-28 23:45:00	f	\N	\N	\N
553	4	2023-01-02 16:00:00	f	\N	\N	\N
554	4	2023-01-02 16:15:00	f	\N	\N	\N
555	4	2023-01-02 16:30:00	f	\N	\N	\N
556	4	2023-01-02 16:45:00	f	\N	\N	\N
557	4	2023-01-04 23:00:00	f	\N	\N	\N
558	4	2023-01-04 23:15:00	f	\N	\N	\N
559	4	2023-01-04 23:30:00	f	\N	\N	\N
560	4	2023-01-04 23:45:00	f	\N	\N	\N
561	4	2023-01-09 16:00:00	f	\N	\N	\N
562	4	2023-01-09 16:15:00	f	\N	\N	\N
563	4	2023-01-09 16:30:00	f	\N	\N	\N
564	4	2023-01-09 16:45:00	f	\N	\N	\N
565	4	2023-01-11 23:00:00	f	\N	\N	\N
566	4	2023-01-11 23:15:00	f	\N	\N	\N
567	4	2023-01-11 23:30:00	f	\N	\N	\N
568	4	2023-01-11 23:45:00	f	\N	\N	\N
569	4	2023-01-16 16:00:00	f	\N	\N	\N
570	4	2023-01-16 16:15:00	f	\N	\N	\N
571	4	2023-01-16 16:30:00	f	\N	\N	\N
572	4	2023-01-16 16:45:00	f	\N	\N	\N
573	4	2023-01-18 23:00:00	f	\N	\N	\N
574	4	2023-01-18 23:15:00	f	\N	\N	\N
575	4	2023-01-18 23:30:00	f	\N	\N	\N
576	4	2023-01-18 23:45:00	f	\N	\N	\N
577	4	2023-01-23 16:00:00	f	\N	\N	\N
578	4	2023-01-23 16:15:00	f	\N	\N	\N
579	4	2023-01-23 16:30:00	f	\N	\N	\N
580	4	2023-01-23 16:45:00	f	\N	\N	\N
581	4	2023-01-25 23:00:00	f	\N	\N	\N
582	4	2023-01-25 23:15:00	f	\N	\N	\N
583	4	2023-01-25 23:30:00	f	\N	\N	\N
584	4	2023-01-25 23:45:00	f	\N	\N	\N
585	4	2023-01-30 16:00:00	f	\N	\N	\N
586	4	2023-01-30 16:15:00	f	\N	\N	\N
587	4	2023-01-30 16:30:00	f	\N	\N	\N
588	4	2023-01-30 16:45:00	f	\N	\N	\N
589	4	2023-02-01 23:00:00	f	\N	\N	\N
590	4	2023-02-01 23:15:00	f	\N	\N	\N
591	4	2023-02-01 23:30:00	f	\N	\N	\N
592	4	2023-02-01 23:45:00	f	\N	\N	\N
593	4	2023-02-06 16:00:00	f	\N	\N	\N
594	4	2023-02-06 16:15:00	f	\N	\N	\N
595	4	2023-02-06 16:30:00	f	\N	\N	\N
596	4	2023-02-06 16:45:00	f	\N	\N	\N
597	4	2023-02-08 23:00:00	f	\N	\N	\N
598	4	2023-02-08 23:15:00	f	\N	\N	\N
599	4	2023-02-08 23:30:00	f	\N	\N	\N
600	4	2023-02-08 23:45:00	f	\N	\N	\N
601	8	2022-03-01 03:30:00	f	\N	\N	\N
602	8	2022-03-01 03:45:00	f	\N	\N	\N
603	8	2022-03-01 04:00:00	f	\N	\N	\N
604	8	2022-03-01 04:15:00	f	\N	\N	\N
605	8	2022-03-01 04:30:00	f	\N	\N	\N
606	8	2022-03-05 08:15:00	f	\N	\N	\N
607	8	2022-03-05 08:30:00	f	\N	\N	\N
608	8	2022-03-05 08:45:00	f	\N	\N	\N
609	8	2022-03-08 03:30:00	f	\N	\N	\N
610	8	2022-03-08 03:45:00	f	\N	\N	\N
611	8	2022-03-08 04:00:00	f	\N	\N	\N
612	8	2022-03-08 04:15:00	f	\N	\N	\N
613	8	2022-03-08 04:30:00	f	\N	\N	\N
614	8	2022-03-12 08:15:00	f	\N	\N	\N
615	8	2022-03-12 08:30:00	f	\N	\N	\N
616	8	2022-03-12 08:45:00	f	\N	\N	\N
617	8	2022-03-15 03:30:00	f	\N	\N	\N
618	8	2022-03-15 03:45:00	f	\N	\N	\N
619	8	2022-03-15 04:00:00	f	\N	\N	\N
620	8	2022-03-15 04:15:00	f	\N	\N	\N
621	8	2022-03-15 04:30:00	f	\N	\N	\N
622	8	2022-03-19 08:15:00	f	\N	\N	\N
623	8	2022-03-19 08:30:00	f	\N	\N	\N
624	8	2022-03-19 08:45:00	f	\N	\N	\N
625	8	2022-03-22 03:30:00	f	\N	\N	\N
626	8	2022-03-22 03:45:00	f	\N	\N	\N
627	8	2022-03-22 04:00:00	f	\N	\N	\N
628	8	2022-03-22 04:15:00	f	\N	\N	\N
629	8	2022-03-22 04:30:00	f	\N	\N	\N
630	8	2022-03-26 08:15:00	f	\N	\N	\N
631	8	2022-03-26 08:30:00	f	\N	\N	\N
632	8	2022-03-26 08:45:00	f	\N	\N	\N
633	8	2022-03-29 03:30:00	f	\N	\N	\N
634	8	2022-03-29 03:45:00	f	\N	\N	\N
635	8	2022-03-29 04:00:00	f	\N	\N	\N
636	8	2022-03-29 04:15:00	f	\N	\N	\N
637	8	2022-03-29 04:30:00	f	\N	\N	\N
638	8	2022-04-02 08:15:00	f	\N	\N	\N
639	8	2022-04-02 08:30:00	f	\N	\N	\N
640	8	2022-04-02 08:45:00	f	\N	\N	\N
641	8	2022-04-05 03:30:00	f	\N	\N	\N
642	8	2022-04-05 03:45:00	f	\N	\N	\N
643	8	2022-04-05 04:00:00	f	\N	\N	\N
644	8	2022-04-05 04:15:00	f	\N	\N	\N
645	8	2022-04-05 04:30:00	f	\N	\N	\N
646	8	2022-04-09 08:15:00	f	\N	\N	\N
647	8	2022-04-09 08:30:00	f	\N	\N	\N
648	8	2022-04-09 08:45:00	f	\N	\N	\N
649	8	2022-04-12 03:30:00	f	\N	\N	\N
650	8	2022-04-12 03:45:00	f	\N	\N	\N
651	8	2022-04-12 04:00:00	f	\N	\N	\N
652	8	2022-04-12 04:15:00	f	\N	\N	\N
653	8	2022-04-12 04:30:00	f	\N	\N	\N
654	8	2022-04-16 08:15:00	f	\N	\N	\N
655	8	2022-04-16 08:30:00	f	\N	\N	\N
656	8	2022-04-16 08:45:00	f	\N	\N	\N
657	8	2022-04-19 03:30:00	f	\N	\N	\N
658	8	2022-04-19 03:45:00	f	\N	\N	\N
659	8	2022-04-19 04:00:00	f	\N	\N	\N
660	8	2022-04-19 04:15:00	f	\N	\N	\N
661	8	2022-04-19 04:30:00	f	\N	\N	\N
662	8	2022-04-23 08:15:00	f	\N	\N	\N
663	8	2022-04-23 08:30:00	f	\N	\N	\N
664	8	2022-04-23 08:45:00	f	\N	\N	\N
665	8	2022-04-26 03:30:00	f	\N	\N	\N
666	8	2022-04-26 03:45:00	f	\N	\N	\N
667	8	2022-04-26 04:00:00	f	\N	\N	\N
822	8	2022-09-10 08:15:00	f	\N	\N	\N
823	8	2022-09-10 08:30:00	f	\N	\N	\N
824	8	2022-09-10 08:45:00	f	\N	\N	\N
825	8	2022-09-13 03:30:00	f	\N	\N	\N
826	8	2022-09-13 03:45:00	f	\N	\N	\N
827	8	2022-09-13 04:00:00	f	\N	\N	\N
828	8	2022-09-13 04:15:00	f	\N	\N	\N
829	8	2022-09-13 04:30:00	f	\N	\N	\N
830	8	2022-09-17 08:15:00	f	\N	\N	\N
831	8	2022-09-17 08:30:00	f	\N	\N	\N
832	8	2022-09-17 08:45:00	f	\N	\N	\N
833	8	2022-09-20 03:30:00	f	\N	\N	\N
834	8	2022-09-20 03:45:00	f	\N	\N	\N
835	8	2022-09-20 04:00:00	f	\N	\N	\N
836	8	2022-09-20 04:15:00	f	\N	\N	\N
837	8	2022-09-20 04:30:00	f	\N	\N	\N
838	8	2022-09-24 08:15:00	f	\N	\N	\N
839	8	2022-09-24 08:30:00	f	\N	\N	\N
840	8	2022-09-24 08:45:00	f	\N	\N	\N
841	8	2022-09-27 03:30:00	f	\N	\N	\N
842	8	2022-09-27 03:45:00	f	\N	\N	\N
843	8	2022-09-27 04:00:00	f	\N	\N	\N
844	8	2022-09-27 04:15:00	f	\N	\N	\N
845	8	2022-09-27 04:30:00	f	\N	\N	\N
846	8	2022-10-01 08:15:00	f	\N	\N	\N
847	8	2022-10-01 08:30:00	f	\N	\N	\N
848	8	2022-10-01 08:45:00	f	\N	\N	\N
849	8	2022-10-04 03:30:00	f	\N	\N	\N
850	8	2022-10-04 03:45:00	f	\N	\N	\N
851	8	2022-10-04 04:00:00	f	\N	\N	\N
852	8	2022-10-04 04:15:00	f	\N	\N	\N
853	8	2022-10-04 04:30:00	f	\N	\N	\N
854	8	2022-10-08 08:15:00	f	\N	\N	\N
855	8	2022-10-08 08:30:00	f	\N	\N	\N
856	8	2022-10-08 08:45:00	f	\N	\N	\N
857	8	2022-10-11 03:30:00	f	\N	\N	\N
858	8	2022-10-11 03:45:00	f	\N	\N	\N
859	8	2022-10-11 04:00:00	f	\N	\N	\N
860	8	2022-10-11 04:15:00	f	\N	\N	\N
861	8	2022-10-11 04:30:00	f	\N	\N	\N
862	8	2022-10-15 08:15:00	f	\N	\N	\N
863	8	2022-10-15 08:30:00	f	\N	\N	\N
864	8	2022-10-15 08:45:00	f	\N	\N	\N
865	8	2022-10-18 03:30:00	f	\N	\N	\N
866	8	2022-10-18 03:45:00	f	\N	\N	\N
867	8	2022-10-18 04:00:00	f	\N	\N	\N
868	8	2022-10-18 04:15:00	f	\N	\N	\N
869	8	2022-10-18 04:30:00	f	\N	\N	\N
870	8	2022-10-22 08:15:00	f	\N	\N	\N
871	8	2022-10-22 08:30:00	f	\N	\N	\N
872	8	2022-10-22 08:45:00	f	\N	\N	\N
873	8	2022-10-25 03:30:00	f	\N	\N	\N
874	8	2022-10-25 03:45:00	f	\N	\N	\N
875	8	2022-10-25 04:00:00	f	\N	\N	\N
876	8	2022-10-25 04:15:00	f	\N	\N	\N
877	8	2022-10-25 04:30:00	f	\N	\N	\N
878	8	2022-10-29 08:15:00	f	\N	\N	\N
879	8	2022-10-29 08:30:00	f	\N	\N	\N
880	8	2022-10-29 08:45:00	f	\N	\N	\N
881	8	2022-11-01 03:30:00	f	\N	\N	\N
882	8	2022-11-01 03:45:00	f	\N	\N	\N
883	8	2022-11-01 04:00:00	f	\N	\N	\N
884	8	2022-11-01 04:15:00	f	\N	\N	\N
885	8	2022-11-01 04:30:00	f	\N	\N	\N
886	8	2022-11-05 08:15:00	f	\N	\N	\N
887	8	2022-11-05 08:30:00	f	\N	\N	\N
888	8	2022-11-05 08:45:00	f	\N	\N	\N
889	8	2022-11-08 03:30:00	f	\N	\N	\N
890	8	2022-11-08 03:45:00	f	\N	\N	\N
891	8	2022-11-08 04:00:00	f	\N	\N	\N
892	8	2022-11-08 04:15:00	f	\N	\N	\N
893	8	2022-11-08 04:30:00	f	\N	\N	\N
894	8	2022-11-12 08:15:00	f	\N	\N	\N
895	8	2022-11-12 08:30:00	f	\N	\N	\N
896	8	2022-11-12 08:45:00	f	\N	\N	\N
897	8	2022-11-15 03:30:00	f	\N	\N	\N
898	8	2022-11-15 03:45:00	f	\N	\N	\N
899	8	2022-11-15 04:00:00	f	\N	\N	\N
900	8	2022-11-15 04:15:00	f	\N	\N	\N
901	8	2022-11-15 04:30:00	f	\N	\N	\N
902	8	2022-11-19 08:15:00	f	\N	\N	\N
903	8	2022-11-19 08:30:00	f	\N	\N	\N
904	8	2022-11-19 08:45:00	f	\N	\N	\N
905	8	2022-11-22 03:30:00	f	\N	\N	\N
906	8	2022-11-22 03:45:00	f	\N	\N	\N
907	8	2022-11-22 04:00:00	f	\N	\N	\N
908	8	2022-11-22 04:15:00	f	\N	\N	\N
909	8	2022-11-22 04:30:00	f	\N	\N	\N
910	8	2022-11-26 08:15:00	f	\N	\N	\N
911	8	2022-11-26 08:30:00	f	\N	\N	\N
912	8	2022-11-26 08:45:00	f	\N	\N	\N
913	8	2022-11-29 03:30:00	f	\N	\N	\N
914	8	2022-11-29 03:45:00	f	\N	\N	\N
915	8	2022-11-29 04:00:00	f	\N	\N	\N
916	8	2022-11-29 04:15:00	f	\N	\N	\N
917	8	2022-11-29 04:30:00	f	\N	\N	\N
918	8	2022-12-03 08:15:00	f	\N	\N	\N
919	8	2022-12-03 08:30:00	f	\N	\N	\N
920	8	2022-12-03 08:45:00	f	\N	\N	\N
921	8	2022-12-06 03:30:00	f	\N	\N	\N
922	8	2022-12-06 03:45:00	f	\N	\N	\N
923	8	2022-12-06 04:00:00	f	\N	\N	\N
924	8	2022-12-06 04:15:00	f	\N	\N	\N
925	8	2022-12-06 04:30:00	f	\N	\N	\N
926	8	2022-12-10 08:15:00	f	\N	\N	\N
927	8	2022-12-10 08:30:00	f	\N	\N	\N
928	8	2022-12-10 08:45:00	f	\N	\N	\N
929	8	2022-12-13 03:30:00	f	\N	\N	\N
930	8	2022-12-13 03:45:00	f	\N	\N	\N
931	8	2022-12-13 04:00:00	f	\N	\N	\N
932	8	2022-12-13 04:15:00	f	\N	\N	\N
933	8	2022-12-13 04:30:00	f	\N	\N	\N
934	8	2022-12-17 08:15:00	f	\N	\N	\N
935	8	2022-12-17 08:30:00	f	\N	\N	\N
936	8	2022-12-17 08:45:00	f	\N	\N	\N
937	8	2022-12-20 03:30:00	f	\N	\N	\N
938	8	2022-12-20 03:45:00	f	\N	\N	\N
939	8	2022-12-20 04:00:00	f	\N	\N	\N
940	8	2022-12-20 04:15:00	f	\N	\N	\N
941	8	2022-12-20 04:30:00	f	\N	\N	\N
942	8	2022-12-24 08:15:00	f	\N	\N	\N
943	8	2022-12-24 08:30:00	f	\N	\N	\N
944	8	2022-12-24 08:45:00	f	\N	\N	\N
945	8	2022-12-27 03:30:00	f	\N	\N	\N
946	8	2022-12-27 03:45:00	f	\N	\N	\N
947	8	2022-12-27 04:00:00	f	\N	\N	\N
948	8	2022-12-27 04:15:00	f	\N	\N	\N
949	8	2022-12-27 04:30:00	f	\N	\N	\N
950	8	2022-12-31 08:15:00	f	\N	\N	\N
951	8	2022-12-31 08:30:00	f	\N	\N	\N
952	8	2022-12-31 08:45:00	f	\N	\N	\N
953	8	2023-01-03 03:30:00	f	\N	\N	\N
954	8	2023-01-03 03:45:00	f	\N	\N	\N
955	8	2023-01-03 04:00:00	f	\N	\N	\N
956	8	2023-01-03 04:15:00	f	\N	\N	\N
957	8	2023-01-03 04:30:00	f	\N	\N	\N
958	8	2023-01-07 08:15:00	f	\N	\N	\N
959	8	2023-01-07 08:30:00	f	\N	\N	\N
960	8	2023-01-07 08:45:00	f	\N	\N	\N
961	8	2023-01-10 03:30:00	f	\N	\N	\N
962	8	2023-01-10 03:45:00	f	\N	\N	\N
963	8	2023-01-10 04:00:00	f	\N	\N	\N
964	8	2023-01-10 04:15:00	f	\N	\N	\N
965	8	2023-01-10 04:30:00	f	\N	\N	\N
966	8	2023-01-14 08:15:00	f	\N	\N	\N
967	8	2023-01-14 08:30:00	f	\N	\N	\N
968	8	2023-01-14 08:45:00	f	\N	\N	\N
969	8	2023-01-17 03:30:00	f	\N	\N	\N
970	8	2023-01-17 03:45:00	f	\N	\N	\N
971	8	2023-01-17 04:00:00	f	\N	\N	\N
972	8	2023-01-17 04:15:00	f	\N	\N	\N
973	8	2023-01-17 04:30:00	f	\N	\N	\N
974	8	2023-01-21 08:15:00	f	\N	\N	\N
975	8	2023-01-21 08:30:00	f	\N	\N	\N
976	8	2023-01-21 08:45:00	f	\N	\N	\N
977	8	2023-01-24 03:30:00	f	\N	\N	\N
978	8	2023-01-24 03:45:00	f	\N	\N	\N
979	8	2023-01-24 04:00:00	f	\N	\N	\N
980	8	2023-01-24 04:15:00	f	\N	\N	\N
981	8	2023-01-24 04:30:00	f	\N	\N	\N
982	8	2023-01-28 08:15:00	f	\N	\N	\N
983	8	2023-01-28 08:30:00	f	\N	\N	\N
984	8	2023-01-28 08:45:00	f	\N	\N	\N
985	8	2023-01-31 03:30:00	f	\N	\N	\N
986	8	2023-01-31 03:45:00	f	\N	\N	\N
987	8	2023-01-31 04:00:00	f	\N	\N	\N
988	8	2023-01-31 04:15:00	f	\N	\N	\N
989	8	2023-01-31 04:30:00	f	\N	\N	\N
990	8	2023-02-04 08:15:00	f	\N	\N	\N
991	8	2023-02-04 08:30:00	f	\N	\N	\N
992	8	2023-02-04 08:45:00	f	\N	\N	\N
993	8	2023-02-07 03:30:00	f	\N	\N	\N
994	8	2023-02-07 03:45:00	f	\N	\N	\N
995	8	2023-02-07 04:00:00	f	\N	\N	\N
996	8	2023-02-07 04:15:00	f	\N	\N	\N
997	8	2023-02-07 04:30:00	f	\N	\N	\N
998	8	2023-02-11 08:15:00	f	\N	\N	\N
999	8	2023-02-11 08:30:00	f	\N	\N	\N
1000	8	2023-02-11 08:45:00	f	\N	\N	\N
1001	10	2022-03-03 15:45:00	f	\N	\N	\N
1002	10	2022-03-03 16:00:00	f	\N	\N	\N
1003	10	2022-03-03 16:15:00	f	\N	\N	\N
1004	10	2022-03-06 22:00:00	f	\N	\N	\N
1005	10	2022-03-06 22:15:00	f	\N	\N	\N
1006	10	2022-03-06 22:30:00	f	\N	\N	\N
1007	10	2022-03-17 15:45:00	f	\N	\N	\N
1008	10	2022-03-17 16:00:00	f	\N	\N	\N
1009	10	2022-03-17 16:15:00	f	\N	\N	\N
1010	10	2022-03-20 22:00:00	f	\N	\N	\N
1011	10	2022-03-20 22:15:00	f	\N	\N	\N
1012	10	2022-03-20 22:30:00	f	\N	\N	\N
1013	10	2022-03-31 15:45:00	f	\N	\N	\N
1014	10	2022-03-31 16:00:00	f	\N	\N	\N
1015	10	2022-03-31 16:15:00	f	\N	\N	\N
1016	10	2022-04-03 22:00:00	f	\N	\N	\N
1017	10	2022-04-03 22:15:00	f	\N	\N	\N
1018	10	2022-04-03 22:30:00	f	\N	\N	\N
1019	10	2022-04-14 15:45:00	f	\N	\N	\N
1020	10	2022-04-14 16:00:00	f	\N	\N	\N
1021	10	2022-04-14 16:15:00	f	\N	\N	\N
1022	10	2022-04-17 22:00:00	f	\N	\N	\N
1023	10	2022-04-17 22:15:00	f	\N	\N	\N
1024	10	2022-04-17 22:30:00	f	\N	\N	\N
1025	10	2022-04-28 15:45:00	f	\N	\N	\N
1026	10	2022-04-28 16:00:00	f	\N	\N	\N
1027	10	2022-04-28 16:15:00	f	\N	\N	\N
1028	10	2022-05-01 22:00:00	f	\N	\N	\N
1029	10	2022-05-01 22:15:00	f	\N	\N	\N
1030	10	2022-05-01 22:30:00	f	\N	\N	\N
1031	10	2022-05-12 15:45:00	f	\N	\N	\N
1032	10	2022-05-12 16:00:00	f	\N	\N	\N
1033	10	2022-05-12 16:15:00	f	\N	\N	\N
1034	10	2022-05-15 22:00:00	f	\N	\N	\N
1035	10	2022-05-15 22:15:00	f	\N	\N	\N
1036	10	2022-05-15 22:30:00	f	\N	\N	\N
1037	10	2022-05-26 15:45:00	f	\N	\N	\N
1038	10	2022-05-26 16:00:00	f	\N	\N	\N
1039	10	2022-05-26 16:15:00	f	\N	\N	\N
1040	10	2022-05-29 22:00:00	f	\N	\N	\N
1041	10	2022-05-29 22:15:00	f	\N	\N	\N
1042	10	2022-05-29 22:30:00	f	\N	\N	\N
1043	10	2022-06-09 15:45:00	f	\N	\N	\N
1044	10	2022-06-09 16:00:00	f	\N	\N	\N
1045	10	2022-06-09 16:15:00	f	\N	\N	\N
1046	10	2022-06-12 22:00:00	f	\N	\N	\N
1047	10	2022-06-12 22:15:00	f	\N	\N	\N
1048	10	2022-06-12 22:30:00	f	\N	\N	\N
1049	10	2022-06-23 15:45:00	f	\N	\N	\N
1050	10	2022-06-23 16:00:00	f	\N	\N	\N
1051	10	2022-06-23 16:15:00	f	\N	\N	\N
1052	10	2022-06-26 22:00:00	f	\N	\N	\N
1053	10	2022-06-26 22:15:00	f	\N	\N	\N
1054	10	2022-06-26 22:30:00	f	\N	\N	\N
1055	10	2022-07-07 15:45:00	f	\N	\N	\N
1056	10	2022-07-07 16:00:00	f	\N	\N	\N
1057	10	2022-07-07 16:15:00	f	\N	\N	\N
1058	10	2022-07-10 22:00:00	f	\N	\N	\N
1059	10	2022-07-10 22:15:00	f	\N	\N	\N
1060	10	2022-07-10 22:30:00	f	\N	\N	\N
1061	10	2022-07-21 15:45:00	f	\N	\N	\N
1062	10	2022-07-21 16:00:00	f	\N	\N	\N
1063	10	2022-07-21 16:15:00	f	\N	\N	\N
1064	10	2022-07-24 22:00:00	f	\N	\N	\N
1065	10	2022-07-24 22:15:00	f	\N	\N	\N
1066	10	2022-07-24 22:30:00	f	\N	\N	\N
1067	10	2022-08-04 15:45:00	f	\N	\N	\N
1068	10	2022-08-04 16:00:00	f	\N	\N	\N
1069	10	2022-08-04 16:15:00	f	\N	\N	\N
1070	10	2022-08-07 22:00:00	f	\N	\N	\N
1071	10	2022-08-07 22:15:00	f	\N	\N	\N
1072	10	2022-08-07 22:30:00	f	\N	\N	\N
1073	10	2022-08-18 15:45:00	f	\N	\N	\N
1074	10	2022-08-18 16:00:00	f	\N	\N	\N
1075	10	2022-08-18 16:15:00	f	\N	\N	\N
1076	10	2022-08-21 22:00:00	f	\N	\N	\N
1077	10	2022-08-21 22:15:00	f	\N	\N	\N
1078	10	2022-08-21 22:30:00	f	\N	\N	\N
1079	10	2022-09-01 15:45:00	f	\N	\N	\N
1080	10	2022-09-01 16:00:00	f	\N	\N	\N
1081	10	2022-09-01 16:15:00	f	\N	\N	\N
1082	10	2022-09-04 22:00:00	f	\N	\N	\N
1083	10	2022-09-04 22:15:00	f	\N	\N	\N
1084	10	2022-09-04 22:30:00	f	\N	\N	\N
1085	10	2022-09-15 15:45:00	f	\N	\N	\N
1086	10	2022-09-15 16:00:00	f	\N	\N	\N
1087	10	2022-09-15 16:15:00	f	\N	\N	\N
1088	10	2022-09-18 22:00:00	f	\N	\N	\N
1089	10	2022-09-18 22:15:00	f	\N	\N	\N
1090	10	2022-09-18 22:30:00	f	\N	\N	\N
1091	10	2022-09-29 15:45:00	f	\N	\N	\N
1092	10	2022-09-29 16:00:00	f	\N	\N	\N
1093	10	2022-09-29 16:15:00	f	\N	\N	\N
1094	10	2022-10-02 22:00:00	f	\N	\N	\N
1095	10	2022-10-02 22:15:00	f	\N	\N	\N
1096	10	2022-10-02 22:30:00	f	\N	\N	\N
1097	10	2022-10-13 15:45:00	f	\N	\N	\N
1098	10	2022-10-13 16:00:00	f	\N	\N	\N
1099	10	2022-10-13 16:15:00	f	\N	\N	\N
1100	10	2022-10-16 22:00:00	f	\N	\N	\N
1101	10	2022-10-16 22:15:00	f	\N	\N	\N
1102	10	2022-10-16 22:30:00	f	\N	\N	\N
1103	10	2022-10-27 15:45:00	f	\N	\N	\N
1104	10	2022-10-27 16:00:00	f	\N	\N	\N
1105	10	2022-10-27 16:15:00	f	\N	\N	\N
1106	10	2022-10-30 22:00:00	f	\N	\N	\N
1107	10	2022-10-30 22:15:00	f	\N	\N	\N
1108	10	2022-10-30 22:30:00	f	\N	\N	\N
1109	10	2022-11-10 15:45:00	f	\N	\N	\N
1110	10	2022-11-10 16:00:00	f	\N	\N	\N
1111	10	2022-11-10 16:15:00	f	\N	\N	\N
1112	10	2022-11-13 22:00:00	f	\N	\N	\N
1113	10	2022-11-13 22:15:00	f	\N	\N	\N
1114	10	2022-11-13 22:30:00	f	\N	\N	\N
1115	10	2022-11-24 15:45:00	f	\N	\N	\N
1116	10	2022-11-24 16:00:00	f	\N	\N	\N
1117	10	2022-11-24 16:15:00	f	\N	\N	\N
1118	10	2022-11-27 22:00:00	f	\N	\N	\N
1119	10	2022-11-27 22:15:00	f	\N	\N	\N
1120	10	2022-11-27 22:30:00	f	\N	\N	\N
1121	10	2022-12-08 15:45:00	f	\N	\N	\N
1122	10	2022-12-08 16:00:00	f	\N	\N	\N
1123	10	2022-12-08 16:15:00	f	\N	\N	\N
1124	10	2022-12-11 22:00:00	f	\N	\N	\N
1125	10	2022-12-11 22:15:00	f	\N	\N	\N
1126	10	2022-12-11 22:30:00	f	\N	\N	\N
1127	10	2022-12-22 15:45:00	f	\N	\N	\N
1128	10	2022-12-22 16:00:00	f	\N	\N	\N
1129	10	2022-12-22 16:15:00	f	\N	\N	\N
1130	10	2022-12-25 22:00:00	f	\N	\N	\N
1131	10	2022-12-25 22:15:00	f	\N	\N	\N
1132	10	2022-12-25 22:30:00	f	\N	\N	\N
1133	10	2023-01-05 15:45:00	f	\N	\N	\N
1134	10	2023-01-05 16:00:00	f	\N	\N	\N
1135	10	2023-01-05 16:15:00	f	\N	\N	\N
1136	10	2023-01-08 22:00:00	f	\N	\N	\N
1137	10	2023-01-08 22:15:00	f	\N	\N	\N
1138	10	2023-01-08 22:30:00	f	\N	\N	\N
1139	10	2023-01-19 15:45:00	f	\N	\N	\N
1140	10	2023-01-19 16:00:00	f	\N	\N	\N
1141	10	2023-01-19 16:15:00	f	\N	\N	\N
1142	10	2023-01-22 22:00:00	f	\N	\N	\N
1143	10	2023-01-22 22:15:00	f	\N	\N	\N
1144	10	2023-01-22 22:30:00	f	\N	\N	\N
1145	10	2023-02-02 15:45:00	f	\N	\N	\N
1146	10	2023-02-02 16:00:00	f	\N	\N	\N
1147	10	2023-02-02 16:15:00	f	\N	\N	\N
1148	10	2023-02-05 22:00:00	f	\N	\N	\N
1149	10	2023-02-05 22:15:00	f	\N	\N	\N
1150	10	2023-02-05 22:30:00	f	\N	\N	\N
1151	10	2023-02-16 15:45:00	f	\N	\N	\N
1152	10	2023-02-16 16:00:00	f	\N	\N	\N
1153	10	2023-02-16 16:15:00	f	\N	\N	\N
1154	10	2023-02-19 22:00:00	f	\N	\N	\N
1155	10	2023-02-19 22:15:00	f	\N	\N	\N
1156	10	2023-02-19 22:30:00	f	\N	\N	\N
1157	10	2023-03-02 15:45:00	f	\N	\N	\N
1158	10	2023-03-02 16:00:00	f	\N	\N	\N
1159	10	2023-03-02 16:15:00	f	\N	\N	\N
1160	10	2023-03-05 22:00:00	f	\N	\N	\N
1161	10	2023-03-05 22:15:00	f	\N	\N	\N
1162	10	2023-03-05 22:30:00	f	\N	\N	\N
1163	10	2023-03-16 15:45:00	f	\N	\N	\N
1164	10	2023-03-16 16:00:00	f	\N	\N	\N
1165	10	2023-03-16 16:15:00	f	\N	\N	\N
1166	10	2023-03-19 22:00:00	f	\N	\N	\N
1167	10	2023-03-19 22:15:00	f	\N	\N	\N
1168	10	2023-03-19 22:30:00	f	\N	\N	\N
1169	10	2023-03-30 15:45:00	f	\N	\N	\N
1170	10	2023-03-30 16:00:00	f	\N	\N	\N
1171	10	2023-03-30 16:15:00	f	\N	\N	\N
1172	10	2023-04-02 22:00:00	f	\N	\N	\N
1173	10	2023-04-02 22:15:00	f	\N	\N	\N
1174	10	2023-04-02 22:30:00	f	\N	\N	\N
1175	10	2023-04-13 15:45:00	f	\N	\N	\N
1176	10	2023-04-13 16:00:00	f	\N	\N	\N
1177	10	2023-04-13 16:15:00	f	\N	\N	\N
1178	10	2023-04-16 22:00:00	f	\N	\N	\N
1179	10	2023-04-16 22:15:00	f	\N	\N	\N
1180	10	2023-04-16 22:30:00	f	\N	\N	\N
1181	10	2023-04-27 15:45:00	f	\N	\N	\N
1182	10	2023-04-27 16:00:00	f	\N	\N	\N
1183	10	2023-04-27 16:15:00	f	\N	\N	\N
1184	10	2023-04-30 22:00:00	f	\N	\N	\N
1185	10	2023-04-30 22:15:00	f	\N	\N	\N
1186	10	2023-04-30 22:30:00	f	\N	\N	\N
1187	10	2023-05-11 15:45:00	f	\N	\N	\N
1188	10	2023-05-11 16:00:00	f	\N	\N	\N
1189	10	2023-05-11 16:15:00	f	\N	\N	\N
1190	10	2023-05-14 22:00:00	f	\N	\N	\N
1191	10	2023-05-14 22:15:00	f	\N	\N	\N
1192	10	2023-05-14 22:30:00	f	\N	\N	\N
1193	10	2023-05-25 15:45:00	f	\N	\N	\N
1194	10	2023-05-25 16:00:00	f	\N	\N	\N
1195	10	2023-05-25 16:15:00	f	\N	\N	\N
1196	10	2023-05-28 22:00:00	f	\N	\N	\N
1197	10	2023-05-28 22:15:00	f	\N	\N	\N
1198	10	2023-05-28 22:30:00	f	\N	\N	\N
1199	10	2023-06-08 15:45:00	f	\N	\N	\N
1200	10	2023-06-08 16:00:00	f	\N	\N	\N
1201	10	2023-06-08 16:15:00	f	\N	\N	\N
1202	10	2023-06-11 22:00:00	f	\N	\N	\N
1203	10	2023-06-11 22:15:00	f	\N	\N	\N
1204	10	2023-06-11 22:30:00	f	\N	\N	\N
1205	10	2023-06-22 15:45:00	f	\N	\N	\N
1206	10	2023-06-22 16:00:00	f	\N	\N	\N
1207	10	2023-06-22 16:15:00	f	\N	\N	\N
1208	10	2023-06-25 22:00:00	f	\N	\N	\N
1209	10	2023-06-25 22:15:00	f	\N	\N	\N
1210	10	2023-06-25 22:30:00	f	\N	\N	\N
1211	10	2023-07-06 15:45:00	f	\N	\N	\N
1212	10	2023-07-06 16:00:00	f	\N	\N	\N
1213	10	2023-07-06 16:15:00	f	\N	\N	\N
1214	10	2023-07-09 22:00:00	f	\N	\N	\N
1215	10	2023-07-09 22:15:00	f	\N	\N	\N
1216	10	2023-07-09 22:30:00	f	\N	\N	\N
1217	10	2023-07-20 15:45:00	f	\N	\N	\N
1218	10	2023-07-20 16:00:00	f	\N	\N	\N
1219	10	2023-07-20 16:15:00	f	\N	\N	\N
1220	10	2023-07-23 22:00:00	f	\N	\N	\N
1221	10	2023-07-23 22:15:00	f	\N	\N	\N
1222	10	2023-07-23 22:30:00	f	\N	\N	\N
1223	10	2023-08-03 15:45:00	f	\N	\N	\N
1224	10	2023-08-03 16:00:00	f	\N	\N	\N
1225	10	2023-08-03 16:15:00	f	\N	\N	\N
1226	10	2023-08-06 22:00:00	f	\N	\N	\N
1227	10	2023-08-06 22:15:00	f	\N	\N	\N
1228	10	2023-08-06 22:30:00	f	\N	\N	\N
1229	10	2023-08-17 15:45:00	f	\N	\N	\N
1230	10	2023-08-17 16:00:00	f	\N	\N	\N
1231	10	2023-08-17 16:15:00	f	\N	\N	\N
1232	10	2023-08-20 22:00:00	f	\N	\N	\N
1233	10	2023-08-20 22:15:00	f	\N	\N	\N
1234	10	2023-08-20 22:30:00	f	\N	\N	\N
1235	10	2023-08-31 15:45:00	f	\N	\N	\N
1236	10	2023-08-31 16:00:00	f	\N	\N	\N
1237	10	2023-08-31 16:15:00	f	\N	\N	\N
1238	10	2023-09-03 22:00:00	f	\N	\N	\N
1239	10	2023-09-03 22:15:00	f	\N	\N	\N
1240	10	2023-09-03 22:30:00	f	\N	\N	\N
1241	10	2023-09-14 15:45:00	f	\N	\N	\N
1242	10	2023-09-14 16:00:00	f	\N	\N	\N
1243	10	2023-09-14 16:15:00	f	\N	\N	\N
1244	10	2023-09-17 22:00:00	f	\N	\N	\N
1245	10	2023-09-17 22:15:00	f	\N	\N	\N
1246	10	2023-09-17 22:30:00	f	\N	\N	\N
1247	10	2023-09-28 15:45:00	f	\N	\N	\N
1248	10	2023-09-28 16:00:00	f	\N	\N	\N
1249	10	2023-09-28 16:15:00	f	\N	\N	\N
1250	10	2023-10-01 22:00:00	f	\N	\N	\N
1251	10	2023-10-01 22:15:00	f	\N	\N	\N
1252	10	2023-10-01 22:30:00	f	\N	\N	\N
1253	10	2023-10-12 15:45:00	f	\N	\N	\N
1254	10	2023-10-12 16:00:00	f	\N	\N	\N
1255	10	2023-10-12 16:15:00	f	\N	\N	\N
1256	10	2023-10-15 22:00:00	f	\N	\N	\N
1257	10	2023-10-15 22:15:00	f	\N	\N	\N
1258	10	2023-10-15 22:30:00	f	\N	\N	\N
1259	10	2023-10-26 15:45:00	f	\N	\N	\N
1260	10	2023-10-26 16:00:00	f	\N	\N	\N
1261	10	2023-10-26 16:15:00	f	\N	\N	\N
1262	10	2023-10-29 22:00:00	f	\N	\N	\N
1263	10	2023-10-29 22:15:00	f	\N	\N	\N
1264	10	2023-10-29 22:30:00	f	\N	\N	\N
1265	10	2023-11-09 15:45:00	f	\N	\N	\N
1266	10	2023-11-09 16:00:00	f	\N	\N	\N
1267	10	2023-11-09 16:15:00	f	\N	\N	\N
1268	10	2023-11-12 22:00:00	f	\N	\N	\N
1269	10	2023-11-12 22:15:00	f	\N	\N	\N
1270	10	2023-11-12 22:30:00	f	\N	\N	\N
1271	10	2023-11-23 15:45:00	f	\N	\N	\N
1272	10	2023-11-23 16:00:00	f	\N	\N	\N
1273	10	2023-11-23 16:15:00	f	\N	\N	\N
1274	10	2023-11-26 22:00:00	f	\N	\N	\N
1275	10	2023-11-26 22:15:00	f	\N	\N	\N
1276	10	2023-11-26 22:30:00	f	\N	\N	\N
1277	10	2023-12-07 15:45:00	f	\N	\N	\N
1278	10	2023-12-07 16:00:00	f	\N	\N	\N
1279	10	2023-12-07 16:15:00	f	\N	\N	\N
1280	10	2023-12-10 22:00:00	f	\N	\N	\N
1281	10	2023-12-10 22:15:00	f	\N	\N	\N
1282	10	2023-12-10 22:30:00	f	\N	\N	\N
1283	10	2023-12-21 15:45:00	f	\N	\N	\N
1284	10	2023-12-21 16:00:00	f	\N	\N	\N
1285	10	2023-12-21 16:15:00	f	\N	\N	\N
1286	10	2023-12-24 22:00:00	f	\N	\N	\N
1287	10	2023-12-24 22:15:00	f	\N	\N	\N
1288	10	2023-12-24 22:30:00	f	\N	\N	\N
1289	10	2024-01-04 15:45:00	f	\N	\N	\N
1290	10	2024-01-04 16:00:00	f	\N	\N	\N
1291	10	2024-01-04 16:15:00	f	\N	\N	\N
1292	10	2024-01-07 22:00:00	f	\N	\N	\N
1293	10	2024-01-07 22:15:00	f	\N	\N	\N
1294	10	2024-01-07 22:30:00	f	\N	\N	\N
1295	10	2024-01-18 15:45:00	f	\N	\N	\N
1296	10	2024-01-18 16:00:00	f	\N	\N	\N
1297	10	2024-01-18 16:15:00	f	\N	\N	\N
1298	10	2024-01-21 22:00:00	f	\N	\N	\N
1299	10	2024-01-21 22:15:00	f	\N	\N	\N
1300	10	2024-01-21 22:30:00	f	\N	\N	\N
1301	12	2022-03-04 21:00:00	f	\N	\N	\N
1302	12	2022-03-04 21:15:00	f	\N	\N	\N
1303	12	2022-03-04 21:30:00	f	\N	\N	\N
1304	12	2022-03-04 21:45:00	f	\N	\N	\N
1305	12	2022-03-04 22:00:00	f	\N	\N	\N
1306	12	2022-03-04 22:15:00	f	\N	\N	\N
1307	12	2022-03-11 21:00:00	f	\N	\N	\N
1308	12	2022-03-11 21:15:00	f	\N	\N	\N
1309	12	2022-03-11 21:30:00	f	\N	\N	\N
1310	12	2022-03-11 21:45:00	f	\N	\N	\N
1311	12	2022-03-11 22:00:00	f	\N	\N	\N
1312	12	2022-03-11 22:15:00	f	\N	\N	\N
1313	12	2022-03-18 21:00:00	f	\N	\N	\N
1314	12	2022-03-18 21:15:00	f	\N	\N	\N
1315	12	2022-03-18 21:30:00	f	\N	\N	\N
1316	12	2022-03-18 21:45:00	f	\N	\N	\N
1317	12	2022-03-18 22:00:00	f	\N	\N	\N
1318	12	2022-03-18 22:15:00	f	\N	\N	\N
1319	12	2022-03-25 21:00:00	f	\N	\N	\N
1320	12	2022-03-25 21:15:00	f	\N	\N	\N
1321	12	2022-03-25 21:30:00	f	\N	\N	\N
1322	12	2022-03-25 21:45:00	f	\N	\N	\N
1323	12	2022-03-25 22:00:00	f	\N	\N	\N
1324	12	2022-03-25 22:15:00	f	\N	\N	\N
1325	12	2022-04-01 21:00:00	f	\N	\N	\N
1326	12	2022-04-01 21:15:00	f	\N	\N	\N
1327	12	2022-04-01 21:30:00	f	\N	\N	\N
1328	12	2022-04-01 21:45:00	f	\N	\N	\N
1329	12	2022-04-01 22:00:00	f	\N	\N	\N
1330	12	2022-04-01 22:15:00	f	\N	\N	\N
1331	12	2022-04-08 21:00:00	f	\N	\N	\N
1332	12	2022-04-08 21:15:00	f	\N	\N	\N
1333	12	2022-04-08 21:30:00	f	\N	\N	\N
1334	12	2022-04-08 21:45:00	f	\N	\N	\N
1335	12	2022-04-08 22:00:00	f	\N	\N	\N
1336	12	2022-04-08 22:15:00	f	\N	\N	\N
1337	12	2022-04-15 21:00:00	f	\N	\N	\N
1338	12	2022-04-15 21:15:00	f	\N	\N	\N
1339	12	2022-04-15 21:30:00	f	\N	\N	\N
1340	12	2022-04-15 21:45:00	f	\N	\N	\N
1341	12	2022-04-15 22:00:00	f	\N	\N	\N
1342	12	2022-04-15 22:15:00	f	\N	\N	\N
1343	12	2022-04-22 21:00:00	f	\N	\N	\N
1344	12	2022-04-22 21:15:00	f	\N	\N	\N
1345	12	2022-04-22 21:30:00	f	\N	\N	\N
1346	12	2022-04-22 21:45:00	f	\N	\N	\N
1347	12	2022-04-22 22:00:00	f	\N	\N	\N
1348	12	2022-04-22 22:15:00	f	\N	\N	\N
1349	12	2022-04-29 21:00:00	f	\N	\N	\N
1350	12	2022-04-29 21:15:00	f	\N	\N	\N
1351	12	2022-04-29 21:30:00	f	\N	\N	\N
1352	12	2022-04-29 21:45:00	f	\N	\N	\N
1353	12	2022-04-29 22:00:00	f	\N	\N	\N
1354	12	2022-04-29 22:15:00	f	\N	\N	\N
1355	12	2022-05-06 21:00:00	f	\N	\N	\N
1356	12	2022-05-06 21:15:00	f	\N	\N	\N
1357	12	2022-05-06 21:30:00	f	\N	\N	\N
1358	12	2022-05-06 21:45:00	f	\N	\N	\N
1359	12	2022-05-06 22:00:00	f	\N	\N	\N
1360	12	2022-05-06 22:15:00	f	\N	\N	\N
1361	12	2022-05-13 21:00:00	f	\N	\N	\N
1362	12	2022-05-13 21:15:00	f	\N	\N	\N
1363	12	2022-05-13 21:30:00	f	\N	\N	\N
1364	12	2022-05-13 21:45:00	f	\N	\N	\N
1365	12	2022-05-13 22:00:00	f	\N	\N	\N
1366	12	2022-05-13 22:15:00	f	\N	\N	\N
1367	12	2022-05-20 21:00:00	f	\N	\N	\N
1368	12	2022-05-20 21:15:00	f	\N	\N	\N
1369	12	2022-05-20 21:30:00	f	\N	\N	\N
1370	12	2022-05-20 21:45:00	f	\N	\N	\N
1371	12	2022-05-20 22:00:00	f	\N	\N	\N
1372	12	2022-05-20 22:15:00	f	\N	\N	\N
1373	12	2022-05-27 21:00:00	f	\N	\N	\N
1374	12	2022-05-27 21:15:00	f	\N	\N	\N
1375	12	2022-05-27 21:30:00	f	\N	\N	\N
1376	12	2022-05-27 21:45:00	f	\N	\N	\N
1377	12	2022-05-27 22:00:00	f	\N	\N	\N
1378	12	2022-05-27 22:15:00	f	\N	\N	\N
1379	12	2022-06-03 21:00:00	f	\N	\N	\N
1380	12	2022-06-03 21:15:00	f	\N	\N	\N
1381	12	2022-06-03 21:30:00	f	\N	\N	\N
1382	12	2022-06-03 21:45:00	f	\N	\N	\N
1383	12	2022-06-03 22:00:00	f	\N	\N	\N
1384	12	2022-06-03 22:15:00	f	\N	\N	\N
1385	12	2022-06-10 21:00:00	f	\N	\N	\N
1386	12	2022-06-10 21:15:00	f	\N	\N	\N
1387	12	2022-06-10 21:30:00	f	\N	\N	\N
1388	12	2022-06-10 21:45:00	f	\N	\N	\N
1389	12	2022-06-10 22:00:00	f	\N	\N	\N
1390	12	2022-06-10 22:15:00	f	\N	\N	\N
1391	12	2022-06-17 21:00:00	f	\N	\N	\N
1392	12	2022-06-17 21:15:00	f	\N	\N	\N
1393	12	2022-06-17 21:30:00	f	\N	\N	\N
1394	12	2022-06-17 21:45:00	f	\N	\N	\N
1395	12	2022-06-17 22:00:00	f	\N	\N	\N
1396	12	2022-06-17 22:15:00	f	\N	\N	\N
1397	12	2022-06-24 21:00:00	f	\N	\N	\N
1398	12	2022-06-24 21:15:00	f	\N	\N	\N
1399	12	2022-06-24 21:30:00	f	\N	\N	\N
1400	12	2022-06-24 21:45:00	f	\N	\N	\N
1401	12	2022-06-24 22:00:00	f	\N	\N	\N
1402	12	2022-06-24 22:15:00	f	\N	\N	\N
1403	12	2022-07-01 21:00:00	f	\N	\N	\N
1404	12	2022-07-01 21:15:00	f	\N	\N	\N
1405	12	2022-07-01 21:30:00	f	\N	\N	\N
1406	12	2022-07-01 21:45:00	f	\N	\N	\N
1407	12	2022-07-01 22:00:00	f	\N	\N	\N
1408	12	2022-07-01 22:15:00	f	\N	\N	\N
1409	12	2022-07-08 21:00:00	f	\N	\N	\N
1410	12	2022-07-08 21:15:00	f	\N	\N	\N
1411	12	2022-07-08 21:30:00	f	\N	\N	\N
1412	12	2022-07-08 21:45:00	f	\N	\N	\N
1413	12	2022-07-08 22:00:00	f	\N	\N	\N
1414	12	2022-07-08 22:15:00	f	\N	\N	\N
1415	12	2022-07-15 21:00:00	f	\N	\N	\N
1416	12	2022-07-15 21:15:00	f	\N	\N	\N
1417	12	2022-07-15 21:30:00	f	\N	\N	\N
1418	12	2022-07-15 21:45:00	f	\N	\N	\N
1419	12	2022-07-15 22:00:00	f	\N	\N	\N
1420	12	2022-07-15 22:15:00	f	\N	\N	\N
1421	12	2022-07-22 21:00:00	f	\N	\N	\N
1422	12	2022-07-22 21:15:00	f	\N	\N	\N
1423	12	2022-07-22 21:30:00	f	\N	\N	\N
1424	12	2022-07-22 21:45:00	f	\N	\N	\N
1425	12	2022-07-22 22:00:00	f	\N	\N	\N
1426	12	2022-07-22 22:15:00	f	\N	\N	\N
1427	12	2022-07-29 21:00:00	f	\N	\N	\N
1428	12	2022-07-29 21:15:00	f	\N	\N	\N
1429	12	2022-07-29 21:30:00	f	\N	\N	\N
1430	12	2022-07-29 21:45:00	f	\N	\N	\N
1431	12	2022-07-29 22:00:00	f	\N	\N	\N
1432	12	2022-07-29 22:15:00	f	\N	\N	\N
1433	12	2022-08-05 21:00:00	f	\N	\N	\N
1434	12	2022-08-05 21:15:00	f	\N	\N	\N
1435	12	2022-08-05 21:30:00	f	\N	\N	\N
1436	12	2022-08-05 21:45:00	f	\N	\N	\N
1437	12	2022-08-05 22:00:00	f	\N	\N	\N
1438	12	2022-08-05 22:15:00	f	\N	\N	\N
1439	12	2022-08-12 21:00:00	f	\N	\N	\N
1440	12	2022-08-12 21:15:00	f	\N	\N	\N
1441	12	2022-08-12 21:30:00	f	\N	\N	\N
1442	12	2022-08-12 21:45:00	f	\N	\N	\N
1443	12	2022-08-12 22:00:00	f	\N	\N	\N
1444	12	2022-08-12 22:15:00	f	\N	\N	\N
1445	12	2022-08-19 21:00:00	f	\N	\N	\N
1446	12	2022-08-19 21:15:00	f	\N	\N	\N
1447	12	2022-08-19 21:30:00	f	\N	\N	\N
1448	12	2022-08-19 21:45:00	f	\N	\N	\N
1449	12	2022-08-19 22:00:00	f	\N	\N	\N
1450	12	2022-08-19 22:15:00	f	\N	\N	\N
1451	12	2022-08-26 21:00:00	f	\N	\N	\N
1452	12	2022-08-26 21:15:00	f	\N	\N	\N
1453	12	2022-08-26 21:30:00	f	\N	\N	\N
1454	12	2022-08-26 21:45:00	f	\N	\N	\N
1455	12	2022-08-26 22:00:00	f	\N	\N	\N
1456	12	2022-08-26 22:15:00	f	\N	\N	\N
1457	12	2022-09-02 21:00:00	f	\N	\N	\N
1458	12	2022-09-02 21:15:00	f	\N	\N	\N
1459	12	2022-09-02 21:30:00	f	\N	\N	\N
1460	12	2022-09-02 21:45:00	f	\N	\N	\N
1461	12	2022-09-02 22:00:00	f	\N	\N	\N
1462	12	2022-09-02 22:15:00	f	\N	\N	\N
1463	12	2022-09-09 21:00:00	f	\N	\N	\N
1464	12	2022-09-09 21:15:00	f	\N	\N	\N
1465	12	2022-09-09 21:30:00	f	\N	\N	\N
1466	12	2022-09-09 21:45:00	f	\N	\N	\N
1467	12	2022-09-09 22:00:00	f	\N	\N	\N
1468	12	2022-09-09 22:15:00	f	\N	\N	\N
1469	12	2022-09-16 21:00:00	f	\N	\N	\N
1470	12	2022-09-16 21:15:00	f	\N	\N	\N
1471	12	2022-09-16 21:30:00	f	\N	\N	\N
1472	12	2022-09-16 21:45:00	f	\N	\N	\N
1473	12	2022-09-16 22:00:00	f	\N	\N	\N
1474	12	2022-09-16 22:15:00	f	\N	\N	\N
1475	12	2022-09-23 21:00:00	f	\N	\N	\N
1476	12	2022-09-23 21:15:00	f	\N	\N	\N
1477	12	2022-09-23 21:30:00	f	\N	\N	\N
1478	12	2022-09-23 21:45:00	f	\N	\N	\N
1479	12	2022-09-23 22:00:00	f	\N	\N	\N
1480	12	2022-09-23 22:15:00	f	\N	\N	\N
1481	12	2022-09-30 21:00:00	f	\N	\N	\N
1482	12	2022-09-30 21:15:00	f	\N	\N	\N
1483	12	2022-09-30 21:30:00	f	\N	\N	\N
1484	12	2022-09-30 21:45:00	f	\N	\N	\N
1485	12	2022-09-30 22:00:00	f	\N	\N	\N
1486	12	2022-09-30 22:15:00	f	\N	\N	\N
1487	12	2022-10-07 21:00:00	f	\N	\N	\N
1488	12	2022-10-07 21:15:00	f	\N	\N	\N
1489	12	2022-10-07 21:30:00	f	\N	\N	\N
1490	12	2022-10-07 21:45:00	f	\N	\N	\N
1491	12	2022-10-07 22:00:00	f	\N	\N	\N
1492	12	2022-10-07 22:15:00	f	\N	\N	\N
1493	12	2022-10-14 21:00:00	f	\N	\N	\N
1494	12	2022-10-14 21:15:00	f	\N	\N	\N
1495	12	2022-10-14 21:30:00	f	\N	\N	\N
1496	12	2022-10-14 21:45:00	f	\N	\N	\N
1497	12	2022-10-14 22:00:00	f	\N	\N	\N
1498	12	2022-10-14 22:15:00	f	\N	\N	\N
1499	12	2022-10-21 21:00:00	f	\N	\N	\N
1500	12	2022-10-21 21:15:00	f	\N	\N	\N
1501	12	2022-10-21 21:30:00	f	\N	\N	\N
1502	12	2022-10-21 21:45:00	f	\N	\N	\N
1503	12	2022-10-21 22:00:00	f	\N	\N	\N
1504	12	2022-10-21 22:15:00	f	\N	\N	\N
1505	12	2022-10-28 21:00:00	f	\N	\N	\N
1506	12	2022-10-28 21:15:00	f	\N	\N	\N
1507	12	2022-10-28 21:30:00	f	\N	\N	\N
1508	12	2022-10-28 21:45:00	f	\N	\N	\N
1509	12	2022-10-28 22:00:00	f	\N	\N	\N
1510	12	2022-10-28 22:15:00	f	\N	\N	\N
1511	12	2022-11-04 21:00:00	f	\N	\N	\N
1512	12	2022-11-04 21:15:00	f	\N	\N	\N
1513	12	2022-11-04 21:30:00	f	\N	\N	\N
1514	12	2022-11-04 21:45:00	f	\N	\N	\N
1515	12	2022-11-04 22:00:00	f	\N	\N	\N
1516	12	2022-11-04 22:15:00	f	\N	\N	\N
1517	12	2022-11-11 21:00:00	f	\N	\N	\N
1518	12	2022-11-11 21:15:00	f	\N	\N	\N
1519	12	2022-11-11 21:30:00	f	\N	\N	\N
1520	12	2022-11-11 21:45:00	f	\N	\N	\N
1521	12	2022-11-11 22:00:00	f	\N	\N	\N
1522	12	2022-11-11 22:15:00	f	\N	\N	\N
1523	12	2022-11-18 21:00:00	f	\N	\N	\N
1524	12	2022-11-18 21:15:00	f	\N	\N	\N
1525	12	2022-11-18 21:30:00	f	\N	\N	\N
1526	12	2022-11-18 21:45:00	f	\N	\N	\N
1527	12	2022-11-18 22:00:00	f	\N	\N	\N
1528	12	2022-11-18 22:15:00	f	\N	\N	\N
1529	12	2022-11-25 21:00:00	f	\N	\N	\N
1530	12	2022-11-25 21:15:00	f	\N	\N	\N
1531	12	2022-11-25 21:30:00	f	\N	\N	\N
1532	12	2022-11-25 21:45:00	f	\N	\N	\N
1533	12	2022-11-25 22:00:00	f	\N	\N	\N
1534	12	2022-11-25 22:15:00	f	\N	\N	\N
1535	12	2022-12-02 21:00:00	f	\N	\N	\N
1536	12	2022-12-02 21:15:00	f	\N	\N	\N
1537	12	2022-12-02 21:30:00	f	\N	\N	\N
1538	12	2022-12-02 21:45:00	f	\N	\N	\N
1539	12	2022-12-02 22:00:00	f	\N	\N	\N
1540	12	2022-12-02 22:15:00	f	\N	\N	\N
1541	12	2022-12-09 21:00:00	f	\N	\N	\N
1542	12	2022-12-09 21:15:00	f	\N	\N	\N
1543	12	2022-12-09 21:30:00	f	\N	\N	\N
1544	12	2022-12-09 21:45:00	f	\N	\N	\N
1545	12	2022-12-09 22:00:00	f	\N	\N	\N
1546	12	2022-12-09 22:15:00	f	\N	\N	\N
1547	12	2022-12-16 21:00:00	f	\N	\N	\N
1548	12	2022-12-16 21:15:00	f	\N	\N	\N
1549	12	2022-12-16 21:30:00	f	\N	\N	\N
1550	12	2022-12-16 21:45:00	f	\N	\N	\N
1551	12	2022-12-16 22:00:00	f	\N	\N	\N
1552	12	2022-12-16 22:15:00	f	\N	\N	\N
1553	12	2022-12-23 21:00:00	f	\N	\N	\N
1554	12	2022-12-23 21:15:00	f	\N	\N	\N
1555	12	2022-12-23 21:30:00	f	\N	\N	\N
1556	12	2022-12-23 21:45:00	f	\N	\N	\N
1557	12	2022-12-23 22:00:00	f	\N	\N	\N
1558	12	2022-12-23 22:15:00	f	\N	\N	\N
1559	12	2022-12-30 21:00:00	f	\N	\N	\N
1560	12	2022-12-30 21:15:00	f	\N	\N	\N
1561	12	2022-12-30 21:30:00	f	\N	\N	\N
1562	12	2022-12-30 21:45:00	f	\N	\N	\N
1563	12	2022-12-30 22:00:00	f	\N	\N	\N
1564	12	2022-12-30 22:15:00	f	\N	\N	\N
1565	12	2023-01-06 21:00:00	f	\N	\N	\N
1566	12	2023-01-06 21:15:00	f	\N	\N	\N
1567	12	2023-01-06 21:30:00	f	\N	\N	\N
1568	12	2023-01-06 21:45:00	f	\N	\N	\N
1569	12	2023-01-06 22:00:00	f	\N	\N	\N
1570	12	2023-01-06 22:15:00	f	\N	\N	\N
1571	12	2023-01-13 21:00:00	f	\N	\N	\N
1572	12	2023-01-13 21:15:00	f	\N	\N	\N
1573	12	2023-01-13 21:30:00	f	\N	\N	\N
1574	12	2023-01-13 21:45:00	f	\N	\N	\N
1575	12	2023-01-13 22:00:00	f	\N	\N	\N
1576	12	2023-01-13 22:15:00	f	\N	\N	\N
1577	12	2023-01-20 21:00:00	f	\N	\N	\N
1578	12	2023-01-20 21:15:00	f	\N	\N	\N
1579	12	2023-01-20 21:30:00	f	\N	\N	\N
1580	12	2023-01-20 21:45:00	f	\N	\N	\N
1581	12	2023-01-20 22:00:00	f	\N	\N	\N
1582	12	2023-01-20 22:15:00	f	\N	\N	\N
1583	12	2023-01-27 21:00:00	f	\N	\N	\N
1584	12	2023-01-27 21:15:00	f	\N	\N	\N
1585	12	2023-01-27 21:30:00	f	\N	\N	\N
1586	12	2023-01-27 21:45:00	f	\N	\N	\N
1587	12	2023-01-27 22:00:00	f	\N	\N	\N
1588	12	2023-01-27 22:15:00	f	\N	\N	\N
1589	12	2023-02-03 21:00:00	f	\N	\N	\N
1590	12	2023-02-03 21:15:00	f	\N	\N	\N
1591	12	2023-02-03 21:30:00	f	\N	\N	\N
1592	12	2023-02-03 21:45:00	f	\N	\N	\N
1593	12	2023-02-03 22:00:00	f	\N	\N	\N
1594	12	2023-02-03 22:15:00	f	\N	\N	\N
1595	12	2023-02-10 21:00:00	f	\N	\N	\N
1596	12	2023-02-10 21:15:00	f	\N	\N	\N
1597	12	2023-02-10 21:30:00	f	\N	\N	\N
1598	12	2023-02-10 21:45:00	f	\N	\N	\N
1599	12	2023-02-10 22:00:00	f	\N	\N	\N
1600	12	2023-02-10 22:15:00	f	\N	\N	\N
1601	14	2022-02-28 22:00:00	f	\N	\N	\N
1602	14	2022-02-28 22:15:00	f	\N	\N	\N
1603	14	2022-03-06 02:30:00	f	\N	\N	\N
1604	14	2022-03-06 02:45:00	f	\N	\N	\N
1605	14	2022-03-06 03:00:00	f	\N	\N	\N
1606	14	2022-03-06 03:15:00	f	\N	\N	\N
1607	14	2022-03-07 22:00:00	f	\N	\N	\N
1608	14	2022-03-07 22:15:00	f	\N	\N	\N
1609	14	2022-03-13 02:30:00	f	\N	\N	\N
1610	14	2022-03-13 02:45:00	f	\N	\N	\N
1611	14	2022-03-13 03:00:00	f	\N	\N	\N
1612	14	2022-03-13 03:15:00	f	\N	\N	\N
1613	14	2022-03-14 22:00:00	f	\N	\N	\N
1614	14	2022-03-14 22:15:00	f	\N	\N	\N
1615	14	2022-03-20 02:30:00	f	\N	\N	\N
1616	14	2022-03-20 02:45:00	f	\N	\N	\N
1617	14	2022-03-20 03:00:00	f	\N	\N	\N
1618	14	2022-03-20 03:15:00	f	\N	\N	\N
1619	14	2022-03-21 22:00:00	f	\N	\N	\N
1620	14	2022-03-21 22:15:00	f	\N	\N	\N
1621	14	2022-03-27 02:30:00	f	\N	\N	\N
1622	14	2022-03-27 02:45:00	f	\N	\N	\N
1623	14	2022-03-27 03:00:00	f	\N	\N	\N
1624	14	2022-03-27 03:15:00	f	\N	\N	\N
1625	14	2022-03-28 22:00:00	f	\N	\N	\N
1626	14	2022-03-28 22:15:00	f	\N	\N	\N
1627	14	2022-04-03 02:30:00	f	\N	\N	\N
1628	14	2022-04-03 02:45:00	f	\N	\N	\N
1629	14	2022-04-03 03:00:00	f	\N	\N	\N
1630	14	2022-04-03 03:15:00	f	\N	\N	\N
1631	14	2022-04-04 22:00:00	f	\N	\N	\N
1632	14	2022-04-04 22:15:00	f	\N	\N	\N
1633	14	2022-04-10 02:30:00	f	\N	\N	\N
1634	14	2022-04-10 02:45:00	f	\N	\N	\N
1635	14	2022-04-10 03:00:00	f	\N	\N	\N
1636	14	2022-04-10 03:15:00	f	\N	\N	\N
1637	14	2022-04-11 22:00:00	f	\N	\N	\N
1638	14	2022-04-11 22:15:00	f	\N	\N	\N
1639	14	2022-04-17 02:30:00	f	\N	\N	\N
1640	14	2022-04-17 02:45:00	f	\N	\N	\N
1641	14	2022-04-17 03:00:00	f	\N	\N	\N
1642	14	2022-04-17 03:15:00	f	\N	\N	\N
1643	14	2022-04-18 22:00:00	f	\N	\N	\N
1644	14	2022-04-18 22:15:00	f	\N	\N	\N
1645	14	2022-04-24 02:30:00	f	\N	\N	\N
1646	14	2022-04-24 02:45:00	f	\N	\N	\N
1647	14	2022-04-24 03:00:00	f	\N	\N	\N
1648	14	2022-04-24 03:15:00	f	\N	\N	\N
1649	14	2022-04-25 22:00:00	f	\N	\N	\N
1650	14	2022-04-25 22:15:00	f	\N	\N	\N
1651	14	2022-05-01 02:30:00	f	\N	\N	\N
1652	14	2022-05-01 02:45:00	f	\N	\N	\N
1653	14	2022-05-01 03:00:00	f	\N	\N	\N
1654	14	2022-05-01 03:15:00	f	\N	\N	\N
1655	14	2022-05-02 22:00:00	f	\N	\N	\N
1656	14	2022-05-02 22:15:00	f	\N	\N	\N
1657	14	2022-05-08 02:30:00	f	\N	\N	\N
1658	14	2022-05-08 02:45:00	f	\N	\N	\N
1659	14	2022-05-08 03:00:00	f	\N	\N	\N
1660	14	2022-05-08 03:15:00	f	\N	\N	\N
1661	14	2022-05-09 22:00:00	f	\N	\N	\N
1662	14	2022-05-09 22:15:00	f	\N	\N	\N
1663	14	2022-05-15 02:30:00	f	\N	\N	\N
1664	14	2022-05-15 02:45:00	f	\N	\N	\N
1665	14	2022-05-15 03:00:00	f	\N	\N	\N
1666	14	2022-05-15 03:15:00	f	\N	\N	\N
1667	14	2022-05-16 22:00:00	f	\N	\N	\N
1668	14	2022-05-16 22:15:00	f	\N	\N	\N
1669	14	2022-05-22 02:30:00	f	\N	\N	\N
1670	14	2022-05-22 02:45:00	f	\N	\N	\N
1671	14	2022-05-22 03:00:00	f	\N	\N	\N
1672	14	2022-05-22 03:15:00	f	\N	\N	\N
1673	14	2022-05-23 22:00:00	f	\N	\N	\N
1674	14	2022-05-23 22:15:00	f	\N	\N	\N
1675	14	2022-05-29 02:30:00	f	\N	\N	\N
1676	14	2022-05-29 02:45:00	f	\N	\N	\N
1677	14	2022-05-29 03:00:00	f	\N	\N	\N
1678	14	2022-05-29 03:15:00	f	\N	\N	\N
1679	14	2022-05-30 22:00:00	f	\N	\N	\N
1680	14	2022-05-30 22:15:00	f	\N	\N	\N
1681	14	2022-06-05 02:30:00	f	\N	\N	\N
1682	14	2022-06-05 02:45:00	f	\N	\N	\N
1683	14	2022-06-05 03:00:00	f	\N	\N	\N
1684	14	2022-06-05 03:15:00	f	\N	\N	\N
1685	14	2022-06-06 22:00:00	f	\N	\N	\N
1686	14	2022-06-06 22:15:00	f	\N	\N	\N
1687	14	2022-06-12 02:30:00	f	\N	\N	\N
1688	14	2022-06-12 02:45:00	f	\N	\N	\N
1689	14	2022-06-12 03:00:00	f	\N	\N	\N
1690	14	2022-06-12 03:15:00	f	\N	\N	\N
1691	14	2022-06-13 22:00:00	f	\N	\N	\N
1692	14	2022-06-13 22:15:00	f	\N	\N	\N
1693	14	2022-06-19 02:30:00	f	\N	\N	\N
1694	14	2022-06-19 02:45:00	f	\N	\N	\N
1695	14	2022-06-19 03:00:00	f	\N	\N	\N
1696	14	2022-06-19 03:15:00	f	\N	\N	\N
1697	14	2022-06-20 22:00:00	f	\N	\N	\N
1698	14	2022-06-20 22:15:00	f	\N	\N	\N
1699	14	2022-06-26 02:30:00	f	\N	\N	\N
1700	14	2022-06-26 02:45:00	f	\N	\N	\N
1701	14	2022-06-26 03:00:00	f	\N	\N	\N
1702	14	2022-06-26 03:15:00	f	\N	\N	\N
1703	14	2022-06-27 22:00:00	f	\N	\N	\N
1704	14	2022-06-27 22:15:00	f	\N	\N	\N
1705	14	2022-07-03 02:30:00	f	\N	\N	\N
1706	14	2022-07-03 02:45:00	f	\N	\N	\N
1707	14	2022-07-03 03:00:00	f	\N	\N	\N
1708	14	2022-07-03 03:15:00	f	\N	\N	\N
1709	14	2022-07-04 22:00:00	f	\N	\N	\N
1710	14	2022-07-04 22:15:00	f	\N	\N	\N
1711	14	2022-07-10 02:30:00	f	\N	\N	\N
1712	14	2022-07-10 02:45:00	f	\N	\N	\N
1713	14	2022-07-10 03:00:00	f	\N	\N	\N
1714	14	2022-07-10 03:15:00	f	\N	\N	\N
1715	14	2022-07-11 22:00:00	f	\N	\N	\N
1716	14	2022-07-11 22:15:00	f	\N	\N	\N
1717	14	2022-07-17 02:30:00	f	\N	\N	\N
1718	14	2022-07-17 02:45:00	f	\N	\N	\N
1719	14	2022-07-17 03:00:00	f	\N	\N	\N
1720	14	2022-07-17 03:15:00	f	\N	\N	\N
1721	14	2022-07-18 22:00:00	f	\N	\N	\N
1722	14	2022-07-18 22:15:00	f	\N	\N	\N
1723	14	2022-07-24 02:30:00	f	\N	\N	\N
1724	14	2022-07-24 02:45:00	f	\N	\N	\N
1725	14	2022-07-24 03:00:00	f	\N	\N	\N
1726	14	2022-07-24 03:15:00	f	\N	\N	\N
1727	14	2022-07-25 22:00:00	f	\N	\N	\N
1728	14	2022-07-25 22:15:00	f	\N	\N	\N
1729	14	2022-07-31 02:30:00	f	\N	\N	\N
1730	14	2022-07-31 02:45:00	f	\N	\N	\N
1731	14	2022-07-31 03:00:00	f	\N	\N	\N
1732	14	2022-07-31 03:15:00	f	\N	\N	\N
1733	14	2022-08-01 22:00:00	f	\N	\N	\N
1734	14	2022-08-01 22:15:00	f	\N	\N	\N
1735	14	2022-08-07 02:30:00	f	\N	\N	\N
1736	14	2022-08-07 02:45:00	f	\N	\N	\N
1737	14	2022-08-07 03:00:00	f	\N	\N	\N
1738	14	2022-08-07 03:15:00	f	\N	\N	\N
1739	14	2022-08-08 22:00:00	f	\N	\N	\N
1740	14	2022-08-08 22:15:00	f	\N	\N	\N
1741	14	2022-08-14 02:30:00	f	\N	\N	\N
1742	14	2022-08-14 02:45:00	f	\N	\N	\N
1743	14	2022-08-14 03:00:00	f	\N	\N	\N
1744	14	2022-08-14 03:15:00	f	\N	\N	\N
1745	14	2022-08-15 22:00:00	f	\N	\N	\N
1746	14	2022-08-15 22:15:00	f	\N	\N	\N
1747	14	2022-08-21 02:30:00	f	\N	\N	\N
1748	14	2022-08-21 02:45:00	f	\N	\N	\N
1749	14	2022-08-21 03:00:00	f	\N	\N	\N
1750	14	2022-08-21 03:15:00	f	\N	\N	\N
1751	14	2022-08-22 22:00:00	f	\N	\N	\N
1752	14	2022-08-22 22:15:00	f	\N	\N	\N
1753	14	2022-08-28 02:30:00	f	\N	\N	\N
1754	14	2022-08-28 02:45:00	f	\N	\N	\N
1755	14	2022-08-28 03:00:00	f	\N	\N	\N
1756	14	2022-08-28 03:15:00	f	\N	\N	\N
1757	14	2022-08-29 22:00:00	f	\N	\N	\N
1758	14	2022-08-29 22:15:00	f	\N	\N	\N
1759	14	2022-09-04 02:30:00	f	\N	\N	\N
1760	14	2022-09-04 02:45:00	f	\N	\N	\N
1761	14	2022-09-04 03:00:00	f	\N	\N	\N
1762	14	2022-09-04 03:15:00	f	\N	\N	\N
1763	14	2022-09-05 22:00:00	f	\N	\N	\N
1764	14	2022-09-05 22:15:00	f	\N	\N	\N
1765	14	2022-09-11 02:30:00	f	\N	\N	\N
1766	14	2022-09-11 02:45:00	f	\N	\N	\N
1767	14	2022-09-11 03:00:00	f	\N	\N	\N
1768	14	2022-09-11 03:15:00	f	\N	\N	\N
1769	14	2022-09-12 22:00:00	f	\N	\N	\N
1770	14	2022-09-12 22:15:00	f	\N	\N	\N
1771	14	2022-09-18 02:30:00	f	\N	\N	\N
1772	14	2022-09-18 02:45:00	f	\N	\N	\N
1773	14	2022-09-18 03:00:00	f	\N	\N	\N
1774	14	2022-09-18 03:15:00	f	\N	\N	\N
1775	14	2022-09-19 22:00:00	f	\N	\N	\N
1776	14	2022-09-19 22:15:00	f	\N	\N	\N
1777	14	2022-09-25 02:30:00	f	\N	\N	\N
1778	14	2022-09-25 02:45:00	f	\N	\N	\N
1779	14	2022-09-25 03:00:00	f	\N	\N	\N
1780	14	2022-09-25 03:15:00	f	\N	\N	\N
1781	14	2022-09-26 22:00:00	f	\N	\N	\N
1782	14	2022-09-26 22:15:00	f	\N	\N	\N
1783	14	2022-10-02 02:30:00	f	\N	\N	\N
1784	14	2022-10-02 02:45:00	f	\N	\N	\N
1785	14	2022-10-02 03:00:00	f	\N	\N	\N
1786	14	2022-10-02 03:15:00	f	\N	\N	\N
1787	14	2022-10-03 22:00:00	f	\N	\N	\N
1788	14	2022-10-03 22:15:00	f	\N	\N	\N
1789	14	2022-10-09 02:30:00	f	\N	\N	\N
1790	14	2022-10-09 02:45:00	f	\N	\N	\N
1791	14	2022-10-09 03:00:00	f	\N	\N	\N
1792	14	2022-10-09 03:15:00	f	\N	\N	\N
1793	14	2022-10-10 22:00:00	f	\N	\N	\N
1794	14	2022-10-10 22:15:00	f	\N	\N	\N
1795	14	2022-10-16 02:30:00	f	\N	\N	\N
1796	14	2022-10-16 02:45:00	f	\N	\N	\N
1797	14	2022-10-16 03:00:00	f	\N	\N	\N
1798	14	2022-10-16 03:15:00	f	\N	\N	\N
1799	14	2022-10-17 22:00:00	f	\N	\N	\N
1800	14	2022-10-17 22:15:00	f	\N	\N	\N
1801	14	2022-10-23 02:30:00	f	\N	\N	\N
1802	14	2022-10-23 02:45:00	f	\N	\N	\N
1803	14	2022-10-23 03:00:00	f	\N	\N	\N
1804	14	2022-10-23 03:15:00	f	\N	\N	\N
1805	14	2022-10-24 22:00:00	f	\N	\N	\N
1806	14	2022-10-24 22:15:00	f	\N	\N	\N
1807	14	2022-10-30 02:30:00	f	\N	\N	\N
1808	14	2022-10-30 02:45:00	f	\N	\N	\N
1809	14	2022-10-30 03:00:00	f	\N	\N	\N
1810	14	2022-10-30 03:15:00	f	\N	\N	\N
1811	14	2022-10-31 22:00:00	f	\N	\N	\N
1812	14	2022-10-31 22:15:00	f	\N	\N	\N
1813	14	2022-11-06 02:30:00	f	\N	\N	\N
1814	14	2022-11-06 02:45:00	f	\N	\N	\N
1815	14	2022-11-06 03:00:00	f	\N	\N	\N
1816	14	2022-11-06 03:15:00	f	\N	\N	\N
1817	14	2022-11-07 22:00:00	f	\N	\N	\N
1818	14	2022-11-07 22:15:00	f	\N	\N	\N
1819	14	2022-11-13 02:30:00	f	\N	\N	\N
1820	14	2022-11-13 02:45:00	f	\N	\N	\N
1821	14	2022-11-13 03:00:00	f	\N	\N	\N
1822	14	2022-11-13 03:15:00	f	\N	\N	\N
1823	14	2022-11-14 22:00:00	f	\N	\N	\N
1824	14	2022-11-14 22:15:00	f	\N	\N	\N
1825	14	2022-11-20 02:30:00	f	\N	\N	\N
1826	14	2022-11-20 02:45:00	f	\N	\N	\N
1827	14	2022-11-20 03:00:00	f	\N	\N	\N
1828	14	2022-11-20 03:15:00	f	\N	\N	\N
1829	14	2022-11-21 22:00:00	f	\N	\N	\N
1830	14	2022-11-21 22:15:00	f	\N	\N	\N
1831	14	2022-11-27 02:30:00	f	\N	\N	\N
1832	14	2022-11-27 02:45:00	f	\N	\N	\N
1833	14	2022-11-27 03:00:00	f	\N	\N	\N
1834	14	2022-11-27 03:15:00	f	\N	\N	\N
1835	14	2022-11-28 22:00:00	f	\N	\N	\N
1836	14	2022-11-28 22:15:00	f	\N	\N	\N
1837	14	2022-12-04 02:30:00	f	\N	\N	\N
1838	14	2022-12-04 02:45:00	f	\N	\N	\N
1839	14	2022-12-04 03:00:00	f	\N	\N	\N
1840	14	2022-12-04 03:15:00	f	\N	\N	\N
1841	14	2022-12-05 22:00:00	f	\N	\N	\N
1842	14	2022-12-05 22:15:00	f	\N	\N	\N
1843	14	2022-12-11 02:30:00	f	\N	\N	\N
1844	14	2022-12-11 02:45:00	f	\N	\N	\N
1845	14	2022-12-11 03:00:00	f	\N	\N	\N
1846	14	2022-12-11 03:15:00	f	\N	\N	\N
1847	14	2022-12-12 22:00:00	f	\N	\N	\N
1848	14	2022-12-12 22:15:00	f	\N	\N	\N
1849	14	2022-12-18 02:30:00	f	\N	\N	\N
1850	14	2022-12-18 02:45:00	f	\N	\N	\N
1851	14	2022-12-18 03:00:00	f	\N	\N	\N
1852	14	2022-12-18 03:15:00	f	\N	\N	\N
1853	14	2022-12-19 22:00:00	f	\N	\N	\N
1854	14	2022-12-19 22:15:00	f	\N	\N	\N
1855	14	2022-12-25 02:30:00	f	\N	\N	\N
1856	14	2022-12-25 02:45:00	f	\N	\N	\N
1857	14	2022-12-25 03:00:00	f	\N	\N	\N
1858	14	2022-12-25 03:15:00	f	\N	\N	\N
1859	14	2022-12-26 22:00:00	f	\N	\N	\N
1860	14	2022-12-26 22:15:00	f	\N	\N	\N
1861	14	2023-01-01 02:30:00	f	\N	\N	\N
1862	14	2023-01-01 02:45:00	f	\N	\N	\N
1863	14	2023-01-01 03:00:00	f	\N	\N	\N
1864	14	2023-01-01 03:15:00	f	\N	\N	\N
1865	14	2023-01-02 22:00:00	f	\N	\N	\N
1866	14	2023-01-02 22:15:00	f	\N	\N	\N
1867	14	2023-01-08 02:30:00	f	\N	\N	\N
1868	14	2023-01-08 02:45:00	f	\N	\N	\N
1869	14	2023-01-08 03:00:00	f	\N	\N	\N
1870	14	2023-01-08 03:15:00	f	\N	\N	\N
1871	14	2023-01-09 22:00:00	f	\N	\N	\N
1872	14	2023-01-09 22:15:00	f	\N	\N	\N
1873	14	2023-01-15 02:30:00	f	\N	\N	\N
1874	14	2023-01-15 02:45:00	f	\N	\N	\N
1875	14	2023-01-15 03:00:00	f	\N	\N	\N
1876	14	2023-01-15 03:15:00	f	\N	\N	\N
1877	14	2023-01-16 22:00:00	f	\N	\N	\N
1878	14	2023-01-16 22:15:00	f	\N	\N	\N
1879	14	2023-01-22 02:30:00	f	\N	\N	\N
1880	14	2023-01-22 02:45:00	f	\N	\N	\N
1881	14	2023-01-22 03:00:00	f	\N	\N	\N
1882	14	2023-01-22 03:15:00	f	\N	\N	\N
1883	14	2023-01-23 22:00:00	f	\N	\N	\N
1884	14	2023-01-23 22:15:00	f	\N	\N	\N
1885	14	2023-01-29 02:30:00	f	\N	\N	\N
1886	14	2023-01-29 02:45:00	f	\N	\N	\N
1887	14	2023-01-29 03:00:00	f	\N	\N	\N
1888	14	2023-01-29 03:15:00	f	\N	\N	\N
1889	14	2023-01-30 22:00:00	f	\N	\N	\N
1890	14	2023-01-30 22:15:00	f	\N	\N	\N
1891	14	2023-02-05 02:30:00	f	\N	\N	\N
1892	14	2023-02-05 02:45:00	f	\N	\N	\N
1893	14	2023-02-05 03:00:00	f	\N	\N	\N
1894	14	2023-02-05 03:15:00	f	\N	\N	\N
1895	14	2023-02-06 22:00:00	f	\N	\N	\N
1896	14	2023-02-06 22:15:00	f	\N	\N	\N
1897	14	2023-02-12 02:30:00	f	\N	\N	\N
1898	14	2023-02-12 02:45:00	f	\N	\N	\N
1899	14	2023-02-12 03:00:00	f	\N	\N	\N
1900	14	2023-02-12 03:15:00	f	\N	\N	\N
1902	16	2022-03-03 00:15:00	f	\N	\N	\N
1903	16	2022-03-03 00:30:00	f	\N	\N	\N
1904	16	2022-03-03 00:45:00	f	\N	\N	\N
1905	16	2022-03-03 01:00:00	f	\N	\N	\N
1906	16	2022-03-07 04:30:00	f	\N	\N	\N
1907	16	2022-03-07 04:45:00	f	\N	\N	\N
1908	16	2022-03-07 05:00:00	f	\N	\N	\N
1909	16	2022-03-10 00:00:00	f	\N	\N	\N
1910	16	2022-03-10 00:15:00	f	\N	\N	\N
1911	16	2022-03-10 00:30:00	f	\N	\N	\N
1912	16	2022-03-10 00:45:00	f	\N	\N	\N
1913	16	2022-03-10 01:00:00	f	\N	\N	\N
1914	16	2022-03-14 04:30:00	f	\N	\N	\N
1915	16	2022-03-14 04:45:00	f	\N	\N	\N
1916	16	2022-03-14 05:00:00	f	\N	\N	\N
1917	16	2022-03-17 00:00:00	f	\N	\N	\N
1918	16	2022-03-17 00:15:00	f	\N	\N	\N
1919	16	2022-03-17 00:30:00	f	\N	\N	\N
1920	16	2022-03-17 00:45:00	f	\N	\N	\N
1921	16	2022-03-17 01:00:00	f	\N	\N	\N
1922	16	2022-03-21 04:30:00	f	\N	\N	\N
1923	16	2022-03-21 04:45:00	f	\N	\N	\N
1924	16	2022-03-21 05:00:00	f	\N	\N	\N
1925	16	2022-03-24 00:00:00	f	\N	\N	\N
1926	16	2022-03-24 00:15:00	f	\N	\N	\N
1927	16	2022-03-24 00:30:00	f	\N	\N	\N
1928	16	2022-03-24 00:45:00	f	\N	\N	\N
1929	16	2022-03-24 01:00:00	f	\N	\N	\N
1930	16	2022-03-28 04:30:00	f	\N	\N	\N
1931	16	2022-03-28 04:45:00	f	\N	\N	\N
1932	16	2022-03-28 05:00:00	f	\N	\N	\N
1933	16	2022-03-31 00:00:00	f	\N	\N	\N
1934	16	2022-03-31 00:15:00	f	\N	\N	\N
1935	16	2022-03-31 00:30:00	f	\N	\N	\N
1936	16	2022-03-31 00:45:00	f	\N	\N	\N
1937	16	2022-03-31 01:00:00	f	\N	\N	\N
1938	16	2022-04-04 04:30:00	f	\N	\N	\N
1939	16	2022-04-04 04:45:00	f	\N	\N	\N
1940	16	2022-04-04 05:00:00	f	\N	\N	\N
1941	16	2022-04-07 00:00:00	f	\N	\N	\N
1942	16	2022-04-07 00:15:00	f	\N	\N	\N
1943	16	2022-04-07 00:30:00	f	\N	\N	\N
1944	16	2022-04-07 00:45:00	f	\N	\N	\N
1945	16	2022-04-07 01:00:00	f	\N	\N	\N
1946	16	2022-04-11 04:30:00	f	\N	\N	\N
1947	16	2022-04-11 04:45:00	f	\N	\N	\N
1948	16	2022-04-11 05:00:00	f	\N	\N	\N
1949	16	2022-04-14 00:00:00	f	\N	\N	\N
1950	16	2022-04-14 00:15:00	f	\N	\N	\N
1951	16	2022-04-14 00:30:00	f	\N	\N	\N
1952	16	2022-04-14 00:45:00	f	\N	\N	\N
1953	16	2022-04-14 01:00:00	f	\N	\N	\N
1954	16	2022-04-18 04:30:00	f	\N	\N	\N
1955	16	2022-04-18 04:45:00	f	\N	\N	\N
1956	16	2022-04-18 05:00:00	f	\N	\N	\N
1957	16	2022-04-21 00:00:00	f	\N	\N	\N
1958	16	2022-04-21 00:15:00	f	\N	\N	\N
1959	16	2022-04-21 00:30:00	f	\N	\N	\N
1960	16	2022-04-21 00:45:00	f	\N	\N	\N
1961	16	2022-04-21 01:00:00	f	\N	\N	\N
1962	16	2022-04-25 04:30:00	f	\N	\N	\N
1963	16	2022-04-25 04:45:00	f	\N	\N	\N
1964	16	2022-04-25 05:00:00	f	\N	\N	\N
1965	16	2022-04-28 00:00:00	f	\N	\N	\N
1966	16	2022-04-28 00:15:00	f	\N	\N	\N
1967	16	2022-04-28 00:30:00	f	\N	\N	\N
1968	16	2022-04-28 00:45:00	f	\N	\N	\N
1969	16	2022-04-28 01:00:00	f	\N	\N	\N
1970	16	2022-05-02 04:30:00	f	\N	\N	\N
1971	16	2022-05-02 04:45:00	f	\N	\N	\N
1972	16	2022-05-02 05:00:00	f	\N	\N	\N
1973	16	2022-05-05 00:00:00	f	\N	\N	\N
1974	16	2022-05-05 00:15:00	f	\N	\N	\N
1975	16	2022-05-05 00:30:00	f	\N	\N	\N
1976	16	2022-05-05 00:45:00	f	\N	\N	\N
1977	16	2022-05-05 01:00:00	f	\N	\N	\N
1978	16	2022-05-09 04:30:00	f	\N	\N	\N
1979	16	2022-05-09 04:45:00	f	\N	\N	\N
1980	16	2022-05-09 05:00:00	f	\N	\N	\N
1981	16	2022-05-12 00:00:00	f	\N	\N	\N
1982	16	2022-05-12 00:15:00	f	\N	\N	\N
1983	16	2022-05-12 00:30:00	f	\N	\N	\N
1984	16	2022-05-12 00:45:00	f	\N	\N	\N
1985	16	2022-05-12 01:00:00	f	\N	\N	\N
1986	16	2022-05-16 04:30:00	f	\N	\N	\N
1987	16	2022-05-16 04:45:00	f	\N	\N	\N
1988	16	2022-05-16 05:00:00	f	\N	\N	\N
1989	16	2022-05-19 00:00:00	f	\N	\N	\N
1990	16	2022-05-19 00:15:00	f	\N	\N	\N
1991	16	2022-05-19 00:30:00	f	\N	\N	\N
1992	16	2022-05-19 00:45:00	f	\N	\N	\N
1993	16	2022-05-19 01:00:00	f	\N	\N	\N
1994	16	2022-05-23 04:30:00	f	\N	\N	\N
1995	16	2022-05-23 04:45:00	f	\N	\N	\N
1996	16	2022-05-23 05:00:00	f	\N	\N	\N
1997	16	2022-05-26 00:00:00	f	\N	\N	\N
1998	16	2022-05-26 00:15:00	f	\N	\N	\N
1999	16	2022-05-26 00:30:00	f	\N	\N	\N
2000	16	2022-05-26 00:45:00	f	\N	\N	\N
2001	16	2022-05-26 01:00:00	f	\N	\N	\N
2002	16	2022-05-30 04:30:00	f	\N	\N	\N
2003	16	2022-05-30 04:45:00	f	\N	\N	\N
2004	16	2022-05-30 05:00:00	f	\N	\N	\N
2005	16	2022-06-02 00:00:00	f	\N	\N	\N
2006	16	2022-06-02 00:15:00	f	\N	\N	\N
2007	16	2022-06-02 00:30:00	f	\N	\N	\N
2008	16	2022-06-02 00:45:00	f	\N	\N	\N
2009	16	2022-06-02 01:00:00	f	\N	\N	\N
2010	16	2022-06-06 04:30:00	f	\N	\N	\N
2011	16	2022-06-06 04:45:00	f	\N	\N	\N
2012	16	2022-06-06 05:00:00	f	\N	\N	\N
2013	16	2022-06-09 00:00:00	f	\N	\N	\N
2014	16	2022-06-09 00:15:00	f	\N	\N	\N
2015	16	2022-06-09 00:30:00	f	\N	\N	\N
2016	16	2022-06-09 00:45:00	f	\N	\N	\N
2017	16	2022-06-09 01:00:00	f	\N	\N	\N
2018	16	2022-06-13 04:30:00	f	\N	\N	\N
2019	16	2022-06-13 04:45:00	f	\N	\N	\N
2020	16	2022-06-13 05:00:00	f	\N	\N	\N
2021	16	2022-06-16 00:00:00	f	\N	\N	\N
2022	16	2022-06-16 00:15:00	f	\N	\N	\N
2023	16	2022-06-16 00:30:00	f	\N	\N	\N
2024	16	2022-06-16 00:45:00	f	\N	\N	\N
2025	16	2022-06-16 01:00:00	f	\N	\N	\N
2026	16	2022-06-20 04:30:00	f	\N	\N	\N
2027	16	2022-06-20 04:45:00	f	\N	\N	\N
2028	16	2022-06-20 05:00:00	f	\N	\N	\N
2029	16	2022-06-23 00:00:00	f	\N	\N	\N
2030	16	2022-06-23 00:15:00	f	\N	\N	\N
2031	16	2022-06-23 00:30:00	f	\N	\N	\N
2032	16	2022-06-23 00:45:00	f	\N	\N	\N
2033	16	2022-06-23 01:00:00	f	\N	\N	\N
2034	16	2022-06-27 04:30:00	f	\N	\N	\N
2035	16	2022-06-27 04:45:00	f	\N	\N	\N
2036	16	2022-06-27 05:00:00	f	\N	\N	\N
2037	16	2022-06-30 00:00:00	f	\N	\N	\N
2038	16	2022-06-30 00:15:00	f	\N	\N	\N
2039	16	2022-06-30 00:30:00	f	\N	\N	\N
2040	16	2022-06-30 00:45:00	f	\N	\N	\N
2041	16	2022-06-30 01:00:00	f	\N	\N	\N
2042	16	2022-07-04 04:30:00	f	\N	\N	\N
2043	16	2022-07-04 04:45:00	f	\N	\N	\N
2044	16	2022-07-04 05:00:00	f	\N	\N	\N
2045	16	2022-07-07 00:00:00	f	\N	\N	\N
2046	16	2022-07-07 00:15:00	f	\N	\N	\N
2047	16	2022-07-07 00:30:00	f	\N	\N	\N
2048	16	2022-07-07 00:45:00	f	\N	\N	\N
2049	16	2022-07-07 01:00:00	f	\N	\N	\N
2050	16	2022-07-11 04:30:00	f	\N	\N	\N
2051	16	2022-07-11 04:45:00	f	\N	\N	\N
2052	16	2022-07-11 05:00:00	f	\N	\N	\N
2053	16	2022-07-14 00:00:00	f	\N	\N	\N
2054	16	2022-07-14 00:15:00	f	\N	\N	\N
2055	16	2022-07-14 00:30:00	f	\N	\N	\N
2056	16	2022-07-14 00:45:00	f	\N	\N	\N
2057	16	2022-07-14 01:00:00	f	\N	\N	\N
2058	16	2022-07-18 04:30:00	f	\N	\N	\N
2059	16	2022-07-18 04:45:00	f	\N	\N	\N
2060	16	2022-07-18 05:00:00	f	\N	\N	\N
2061	16	2022-07-21 00:00:00	f	\N	\N	\N
2062	16	2022-07-21 00:15:00	f	\N	\N	\N
2063	16	2022-07-21 00:30:00	f	\N	\N	\N
2064	16	2022-07-21 00:45:00	f	\N	\N	\N
2065	16	2022-07-21 01:00:00	f	\N	\N	\N
2066	16	2022-07-25 04:30:00	f	\N	\N	\N
2067	16	2022-07-25 04:45:00	f	\N	\N	\N
2068	16	2022-07-25 05:00:00	f	\N	\N	\N
2069	16	2022-07-28 00:00:00	f	\N	\N	\N
2070	16	2022-07-28 00:15:00	f	\N	\N	\N
2071	16	2022-07-28 00:30:00	f	\N	\N	\N
2072	16	2022-07-28 00:45:00	f	\N	\N	\N
2073	16	2022-07-28 01:00:00	f	\N	\N	\N
2074	16	2022-08-01 04:30:00	f	\N	\N	\N
2075	16	2022-08-01 04:45:00	f	\N	\N	\N
2076	16	2022-08-01 05:00:00	f	\N	\N	\N
2077	16	2022-08-04 00:00:00	f	\N	\N	\N
2078	16	2022-08-04 00:15:00	f	\N	\N	\N
2079	16	2022-08-04 00:30:00	f	\N	\N	\N
2080	16	2022-08-04 00:45:00	f	\N	\N	\N
2081	16	2022-08-04 01:00:00	f	\N	\N	\N
2082	16	2022-08-08 04:30:00	f	\N	\N	\N
2083	16	2022-08-08 04:45:00	f	\N	\N	\N
2084	16	2022-08-08 05:00:00	f	\N	\N	\N
2085	16	2022-08-11 00:00:00	f	\N	\N	\N
2086	16	2022-08-11 00:15:00	f	\N	\N	\N
2087	16	2022-08-11 00:30:00	f	\N	\N	\N
2088	16	2022-08-11 00:45:00	f	\N	\N	\N
2089	16	2022-08-11 01:00:00	f	\N	\N	\N
2090	16	2022-08-15 04:30:00	f	\N	\N	\N
2091	16	2022-08-15 04:45:00	f	\N	\N	\N
2092	16	2022-08-15 05:00:00	f	\N	\N	\N
2093	16	2022-08-18 00:00:00	f	\N	\N	\N
2094	16	2022-08-18 00:15:00	f	\N	\N	\N
2095	16	2022-08-18 00:30:00	f	\N	\N	\N
2096	16	2022-08-18 00:45:00	f	\N	\N	\N
2097	16	2022-08-18 01:00:00	f	\N	\N	\N
2098	16	2022-08-22 04:30:00	f	\N	\N	\N
2099	16	2022-08-22 04:45:00	f	\N	\N	\N
2100	16	2022-08-22 05:00:00	f	\N	\N	\N
2101	16	2022-08-25 00:00:00	f	\N	\N	\N
2102	16	2022-08-25 00:15:00	f	\N	\N	\N
2103	16	2022-08-25 00:30:00	f	\N	\N	\N
2104	16	2022-08-25 00:45:00	f	\N	\N	\N
2105	16	2022-08-25 01:00:00	f	\N	\N	\N
2106	16	2022-08-29 04:30:00	f	\N	\N	\N
2107	16	2022-08-29 04:45:00	f	\N	\N	\N
2108	16	2022-08-29 05:00:00	f	\N	\N	\N
2109	16	2022-09-01 00:00:00	f	\N	\N	\N
2110	16	2022-09-01 00:15:00	f	\N	\N	\N
2111	16	2022-09-01 00:30:00	f	\N	\N	\N
2112	16	2022-09-01 00:45:00	f	\N	\N	\N
2113	16	2022-09-01 01:00:00	f	\N	\N	\N
2114	16	2022-09-05 04:30:00	f	\N	\N	\N
2115	16	2022-09-05 04:45:00	f	\N	\N	\N
2116	16	2022-09-05 05:00:00	f	\N	\N	\N
2117	16	2022-09-08 00:00:00	f	\N	\N	\N
2118	16	2022-09-08 00:15:00	f	\N	\N	\N
2119	16	2022-09-08 00:30:00	f	\N	\N	\N
2120	16	2022-09-08 00:45:00	f	\N	\N	\N
2121	16	2022-09-08 01:00:00	f	\N	\N	\N
2122	16	2022-09-12 04:30:00	f	\N	\N	\N
2123	16	2022-09-12 04:45:00	f	\N	\N	\N
2124	16	2022-09-12 05:00:00	f	\N	\N	\N
2125	16	2022-09-15 00:00:00	f	\N	\N	\N
2126	16	2022-09-15 00:15:00	f	\N	\N	\N
2127	16	2022-09-15 00:30:00	f	\N	\N	\N
2128	16	2022-09-15 00:45:00	f	\N	\N	\N
2129	16	2022-09-15 01:00:00	f	\N	\N	\N
2130	16	2022-09-19 04:30:00	f	\N	\N	\N
2131	16	2022-09-19 04:45:00	f	\N	\N	\N
2132	16	2022-09-19 05:00:00	f	\N	\N	\N
2133	16	2022-09-22 00:00:00	f	\N	\N	\N
2134	16	2022-09-22 00:15:00	f	\N	\N	\N
2135	16	2022-09-22 00:30:00	f	\N	\N	\N
2136	16	2022-09-22 00:45:00	f	\N	\N	\N
2137	16	2022-09-22 01:00:00	f	\N	\N	\N
2138	16	2022-09-26 04:30:00	f	\N	\N	\N
2139	16	2022-09-26 04:45:00	f	\N	\N	\N
2140	16	2022-09-26 05:00:00	f	\N	\N	\N
2141	16	2022-09-29 00:00:00	f	\N	\N	\N
2142	16	2022-09-29 00:15:00	f	\N	\N	\N
2143	16	2022-09-29 00:30:00	f	\N	\N	\N
2144	16	2022-09-29 00:45:00	f	\N	\N	\N
2145	16	2022-09-29 01:00:00	f	\N	\N	\N
2146	16	2022-10-03 04:30:00	f	\N	\N	\N
2147	16	2022-10-03 04:45:00	f	\N	\N	\N
2148	16	2022-10-03 05:00:00	f	\N	\N	\N
2149	16	2022-10-06 00:00:00	f	\N	\N	\N
2150	16	2022-10-06 00:15:00	f	\N	\N	\N
2151	16	2022-10-06 00:30:00	f	\N	\N	\N
2152	16	2022-10-06 00:45:00	f	\N	\N	\N
2153	16	2022-10-06 01:00:00	f	\N	\N	\N
2154	16	2022-10-10 04:30:00	f	\N	\N	\N
2155	16	2022-10-10 04:45:00	f	\N	\N	\N
2156	16	2022-10-10 05:00:00	f	\N	\N	\N
2157	16	2022-10-13 00:00:00	f	\N	\N	\N
2158	16	2022-10-13 00:15:00	f	\N	\N	\N
2159	16	2022-10-13 00:30:00	f	\N	\N	\N
2160	16	2022-10-13 00:45:00	f	\N	\N	\N
2161	16	2022-10-13 01:00:00	f	\N	\N	\N
2162	16	2022-10-17 04:30:00	f	\N	\N	\N
2163	16	2022-10-17 04:45:00	f	\N	\N	\N
2164	16	2022-10-17 05:00:00	f	\N	\N	\N
2165	16	2022-10-20 00:00:00	f	\N	\N	\N
2166	16	2022-10-20 00:15:00	f	\N	\N	\N
2167	16	2022-10-20 00:30:00	f	\N	\N	\N
2168	16	2022-10-20 00:45:00	f	\N	\N	\N
2169	16	2022-10-20 01:00:00	f	\N	\N	\N
2170	16	2022-10-24 04:30:00	f	\N	\N	\N
2171	16	2022-10-24 04:45:00	f	\N	\N	\N
2172	16	2022-10-24 05:00:00	f	\N	\N	\N
2173	16	2022-10-27 00:00:00	f	\N	\N	\N
2174	16	2022-10-27 00:15:00	f	\N	\N	\N
2175	16	2022-10-27 00:30:00	f	\N	\N	\N
2176	16	2022-10-27 00:45:00	f	\N	\N	\N
2177	16	2022-10-27 01:00:00	f	\N	\N	\N
2178	16	2022-10-31 04:30:00	f	\N	\N	\N
2179	16	2022-10-31 04:45:00	f	\N	\N	\N
2180	16	2022-10-31 05:00:00	f	\N	\N	\N
2181	16	2022-11-03 00:00:00	f	\N	\N	\N
2182	16	2022-11-03 00:15:00	f	\N	\N	\N
2183	16	2022-11-03 00:30:00	f	\N	\N	\N
2184	16	2022-11-03 00:45:00	f	\N	\N	\N
2185	16	2022-11-03 01:00:00	f	\N	\N	\N
2186	16	2022-11-07 04:30:00	f	\N	\N	\N
2187	16	2022-11-07 04:45:00	f	\N	\N	\N
2188	16	2022-11-07 05:00:00	f	\N	\N	\N
2189	16	2022-11-10 00:00:00	f	\N	\N	\N
2190	16	2022-11-10 00:15:00	f	\N	\N	\N
2191	16	2022-11-10 00:30:00	f	\N	\N	\N
2192	16	2022-11-10 00:45:00	f	\N	\N	\N
2193	16	2022-11-10 01:00:00	f	\N	\N	\N
2194	16	2022-11-14 04:30:00	f	\N	\N	\N
2195	16	2022-11-14 04:45:00	f	\N	\N	\N
2196	16	2022-11-14 05:00:00	f	\N	\N	\N
2197	16	2022-11-17 00:00:00	f	\N	\N	\N
2198	16	2022-11-17 00:15:00	f	\N	\N	\N
2199	16	2022-11-17 00:30:00	f	\N	\N	\N
2200	16	2022-11-17 00:45:00	f	\N	\N	\N
2201	16	2022-11-17 01:00:00	f	\N	\N	\N
2202	16	2022-11-21 04:30:00	f	\N	\N	\N
2203	16	2022-11-21 04:45:00	f	\N	\N	\N
2204	16	2022-11-21 05:00:00	f	\N	\N	\N
2205	16	2022-11-24 00:00:00	f	\N	\N	\N
2206	16	2022-11-24 00:15:00	f	\N	\N	\N
2207	16	2022-11-24 00:30:00	f	\N	\N	\N
2208	16	2022-11-24 00:45:00	f	\N	\N	\N
2209	16	2022-11-24 01:00:00	f	\N	\N	\N
2210	16	2022-11-28 04:30:00	f	\N	\N	\N
2211	16	2022-11-28 04:45:00	f	\N	\N	\N
2212	16	2022-11-28 05:00:00	f	\N	\N	\N
2213	16	2022-12-01 00:00:00	f	\N	\N	\N
2214	16	2022-12-01 00:15:00	f	\N	\N	\N
2215	16	2022-12-01 00:30:00	f	\N	\N	\N
2216	16	2022-12-01 00:45:00	f	\N	\N	\N
2217	16	2022-12-01 01:00:00	f	\N	\N	\N
2218	16	2022-12-05 04:30:00	f	\N	\N	\N
2219	16	2022-12-05 04:45:00	f	\N	\N	\N
2220	16	2022-12-05 05:00:00	f	\N	\N	\N
2221	16	2022-12-08 00:00:00	f	\N	\N	\N
2222	16	2022-12-08 00:15:00	f	\N	\N	\N
2223	16	2022-12-08 00:30:00	f	\N	\N	\N
2224	16	2022-12-08 00:45:00	f	\N	\N	\N
2225	16	2022-12-08 01:00:00	f	\N	\N	\N
2226	16	2022-12-12 04:30:00	f	\N	\N	\N
2227	16	2022-12-12 04:45:00	f	\N	\N	\N
2228	16	2022-12-12 05:00:00	f	\N	\N	\N
2229	16	2022-12-15 00:00:00	f	\N	\N	\N
2230	16	2022-12-15 00:15:00	f	\N	\N	\N
2231	16	2022-12-15 00:30:00	f	\N	\N	\N
2232	16	2022-12-15 00:45:00	f	\N	\N	\N
2233	16	2022-12-15 01:00:00	f	\N	\N	\N
2234	16	2022-12-19 04:30:00	f	\N	\N	\N
2235	16	2022-12-19 04:45:00	f	\N	\N	\N
2236	16	2022-12-19 05:00:00	f	\N	\N	\N
2237	16	2022-12-22 00:00:00	f	\N	\N	\N
2238	16	2022-12-22 00:15:00	f	\N	\N	\N
2239	16	2022-12-22 00:30:00	f	\N	\N	\N
2240	16	2022-12-22 00:45:00	f	\N	\N	\N
2241	16	2022-12-22 01:00:00	f	\N	\N	\N
2242	16	2022-12-26 04:30:00	f	\N	\N	\N
2243	16	2022-12-26 04:45:00	f	\N	\N	\N
2244	16	2022-12-26 05:00:00	f	\N	\N	\N
2245	16	2022-12-29 00:00:00	f	\N	\N	\N
2246	16	2022-12-29 00:15:00	f	\N	\N	\N
2247	16	2022-12-29 00:30:00	f	\N	\N	\N
2248	16	2022-12-29 00:45:00	f	\N	\N	\N
2249	16	2022-12-29 01:00:00	f	\N	\N	\N
2250	16	2023-01-02 04:30:00	f	\N	\N	\N
2251	16	2023-01-02 04:45:00	f	\N	\N	\N
2252	16	2023-01-02 05:00:00	f	\N	\N	\N
2253	16	2023-01-05 00:00:00	f	\N	\N	\N
2254	16	2023-01-05 00:15:00	f	\N	\N	\N
2255	16	2023-01-05 00:30:00	f	\N	\N	\N
2256	16	2023-01-05 00:45:00	f	\N	\N	\N
2257	16	2023-01-05 01:00:00	f	\N	\N	\N
2258	16	2023-01-09 04:30:00	f	\N	\N	\N
2259	16	2023-01-09 04:45:00	f	\N	\N	\N
2260	16	2023-01-09 05:00:00	f	\N	\N	\N
2261	16	2023-01-12 00:00:00	f	\N	\N	\N
2262	16	2023-01-12 00:15:00	f	\N	\N	\N
2263	16	2023-01-12 00:30:00	f	\N	\N	\N
2264	16	2023-01-12 00:45:00	f	\N	\N	\N
2265	16	2023-01-12 01:00:00	f	\N	\N	\N
2266	16	2023-01-16 04:30:00	f	\N	\N	\N
2267	16	2023-01-16 04:45:00	f	\N	\N	\N
2268	16	2023-01-16 05:00:00	f	\N	\N	\N
2269	16	2023-01-19 00:00:00	f	\N	\N	\N
2270	16	2023-01-19 00:15:00	f	\N	\N	\N
2271	16	2023-01-19 00:30:00	f	\N	\N	\N
2272	16	2023-01-19 00:45:00	f	\N	\N	\N
2273	16	2023-01-19 01:00:00	f	\N	\N	\N
2274	16	2023-01-23 04:30:00	f	\N	\N	\N
2275	16	2023-01-23 04:45:00	f	\N	\N	\N
2276	16	2023-01-23 05:00:00	f	\N	\N	\N
2277	16	2023-01-26 00:00:00	f	\N	\N	\N
2278	16	2023-01-26 00:15:00	f	\N	\N	\N
2279	16	2023-01-26 00:30:00	f	\N	\N	\N
2280	16	2023-01-26 00:45:00	f	\N	\N	\N
2281	16	2023-01-26 01:00:00	f	\N	\N	\N
2282	16	2023-01-30 04:30:00	f	\N	\N	\N
2283	16	2023-01-30 04:45:00	f	\N	\N	\N
2284	16	2023-01-30 05:00:00	f	\N	\N	\N
2285	16	2023-02-02 00:00:00	f	\N	\N	\N
2286	16	2023-02-02 00:15:00	f	\N	\N	\N
2287	16	2023-02-02 00:30:00	f	\N	\N	\N
2288	16	2023-02-02 00:45:00	f	\N	\N	\N
2289	16	2023-02-02 01:00:00	f	\N	\N	\N
2290	16	2023-02-06 04:30:00	f	\N	\N	\N
2291	16	2023-02-06 04:45:00	f	\N	\N	\N
2292	16	2023-02-06 05:00:00	f	\N	\N	\N
2293	16	2023-02-09 00:00:00	f	\N	\N	\N
2294	16	2023-02-09 00:15:00	f	\N	\N	\N
2295	16	2023-02-09 00:30:00	f	\N	\N	\N
2296	16	2023-02-09 00:45:00	f	\N	\N	\N
2297	16	2023-02-09 01:00:00	f	\N	\N	\N
2298	16	2023-02-13 04:30:00	f	\N	\N	\N
2299	16	2023-02-13 04:45:00	f	\N	\N	\N
2300	16	2023-02-13 05:00:00	f	\N	\N	\N
2301	18	2022-03-02 19:45:00	f	\N	\N	\N
2302	18	2022-03-02 20:00:00	f	\N	\N	\N
2303	18	2022-03-02 20:15:00	f	\N	\N	\N
2304	18	2022-03-02 20:30:00	f	\N	\N	\N
2305	18	2022-03-02 20:45:00	f	\N	\N	\N
2306	18	2022-03-09 19:45:00	f	\N	\N	\N
2307	18	2022-03-09 20:00:00	f	\N	\N	\N
2308	18	2022-03-09 20:15:00	f	\N	\N	\N
2309	18	2022-03-09 20:30:00	f	\N	\N	\N
2310	18	2022-03-09 20:45:00	f	\N	\N	\N
2311	18	2022-03-16 19:45:00	f	\N	\N	\N
2312	18	2022-03-16 20:00:00	f	\N	\N	\N
2313	18	2022-03-16 20:15:00	f	\N	\N	\N
2314	18	2022-03-16 20:30:00	f	\N	\N	\N
2315	18	2022-03-16 20:45:00	f	\N	\N	\N
2316	18	2022-03-23 19:45:00	f	\N	\N	\N
2317	18	2022-03-23 20:00:00	f	\N	\N	\N
2318	18	2022-03-23 20:15:00	f	\N	\N	\N
2319	18	2022-03-23 20:30:00	f	\N	\N	\N
2320	18	2022-03-23 20:45:00	f	\N	\N	\N
2321	18	2022-03-30 19:45:00	f	\N	\N	\N
2322	18	2022-03-30 20:00:00	f	\N	\N	\N
2323	18	2022-03-30 20:15:00	f	\N	\N	\N
2324	18	2022-03-30 20:30:00	f	\N	\N	\N
2325	18	2022-03-30 20:45:00	f	\N	\N	\N
2326	18	2022-04-06 19:45:00	f	\N	\N	\N
2327	18	2022-04-06 20:00:00	f	\N	\N	\N
2328	18	2022-04-06 20:15:00	f	\N	\N	\N
2329	18	2022-04-06 20:30:00	f	\N	\N	\N
2330	18	2022-04-06 20:45:00	f	\N	\N	\N
2331	18	2022-04-13 19:45:00	f	\N	\N	\N
2332	18	2022-04-13 20:00:00	f	\N	\N	\N
2333	18	2022-04-13 20:15:00	f	\N	\N	\N
2334	18	2022-04-13 20:30:00	f	\N	\N	\N
2335	18	2022-04-13 20:45:00	f	\N	\N	\N
2336	18	2022-04-20 19:45:00	f	\N	\N	\N
2337	18	2022-04-20 20:00:00	f	\N	\N	\N
2338	18	2022-04-20 20:15:00	f	\N	\N	\N
2339	18	2022-04-20 20:30:00	f	\N	\N	\N
2340	18	2022-04-20 20:45:00	f	\N	\N	\N
2341	18	2022-04-27 19:45:00	f	\N	\N	\N
2342	18	2022-04-27 20:00:00	f	\N	\N	\N
2343	18	2022-04-27 20:15:00	f	\N	\N	\N
2344	18	2022-04-27 20:30:00	f	\N	\N	\N
2345	18	2022-04-27 20:45:00	f	\N	\N	\N
2346	18	2022-05-04 19:45:00	f	\N	\N	\N
2347	18	2022-05-04 20:00:00	f	\N	\N	\N
2348	18	2022-05-04 20:15:00	f	\N	\N	\N
2349	18	2022-05-04 20:30:00	f	\N	\N	\N
2350	18	2022-05-04 20:45:00	f	\N	\N	\N
2351	18	2022-05-11 19:45:00	f	\N	\N	\N
2352	18	2022-05-11 20:00:00	f	\N	\N	\N
2353	18	2022-05-11 20:15:00	f	\N	\N	\N
2354	18	2022-05-11 20:30:00	f	\N	\N	\N
2355	18	2022-05-11 20:45:00	f	\N	\N	\N
2356	18	2022-05-18 19:45:00	f	\N	\N	\N
2357	18	2022-05-18 20:00:00	f	\N	\N	\N
2358	18	2022-05-18 20:15:00	f	\N	\N	\N
2359	18	2022-05-18 20:30:00	f	\N	\N	\N
2360	18	2022-05-18 20:45:00	f	\N	\N	\N
2361	18	2022-05-25 19:45:00	f	\N	\N	\N
2362	18	2022-05-25 20:00:00	f	\N	\N	\N
2363	18	2022-05-25 20:15:00	f	\N	\N	\N
2364	18	2022-05-25 20:30:00	f	\N	\N	\N
2365	18	2022-05-25 20:45:00	f	\N	\N	\N
2366	18	2022-06-01 19:45:00	f	\N	\N	\N
2367	18	2022-06-01 20:00:00	f	\N	\N	\N
2368	18	2022-06-01 20:15:00	f	\N	\N	\N
2369	18	2022-06-01 20:30:00	f	\N	\N	\N
2370	18	2022-06-01 20:45:00	f	\N	\N	\N
2371	18	2022-06-08 19:45:00	f	\N	\N	\N
2372	18	2022-06-08 20:00:00	f	\N	\N	\N
2373	18	2022-06-08 20:15:00	f	\N	\N	\N
2374	18	2022-06-08 20:30:00	f	\N	\N	\N
2375	18	2022-06-08 20:45:00	f	\N	\N	\N
2376	18	2022-06-15 19:45:00	f	\N	\N	\N
2377	18	2022-06-15 20:00:00	f	\N	\N	\N
2378	18	2022-06-15 20:15:00	f	\N	\N	\N
2379	18	2022-06-15 20:30:00	f	\N	\N	\N
2380	18	2022-06-15 20:45:00	f	\N	\N	\N
2381	18	2022-06-22 19:45:00	f	\N	\N	\N
2382	18	2022-06-22 20:00:00	f	\N	\N	\N
2383	18	2022-06-22 20:15:00	f	\N	\N	\N
2384	18	2022-06-22 20:30:00	f	\N	\N	\N
2385	18	2022-06-22 20:45:00	f	\N	\N	\N
2386	18	2022-06-29 19:45:00	f	\N	\N	\N
2387	18	2022-06-29 20:00:00	f	\N	\N	\N
2388	18	2022-06-29 20:15:00	f	\N	\N	\N
2389	18	2022-06-29 20:30:00	f	\N	\N	\N
2390	18	2022-06-29 20:45:00	f	\N	\N	\N
2391	18	2022-07-06 19:45:00	f	\N	\N	\N
2392	18	2022-07-06 20:00:00	f	\N	\N	\N
2393	18	2022-07-06 20:15:00	f	\N	\N	\N
2394	18	2022-07-06 20:30:00	f	\N	\N	\N
2395	18	2022-07-06 20:45:00	f	\N	\N	\N
2396	18	2022-07-13 19:45:00	f	\N	\N	\N
2397	18	2022-07-13 20:00:00	f	\N	\N	\N
2398	18	2022-07-13 20:15:00	f	\N	\N	\N
2399	18	2022-07-13 20:30:00	f	\N	\N	\N
2400	18	2022-07-13 20:45:00	f	\N	\N	\N
2401	18	2022-07-20 19:45:00	f	\N	\N	\N
2402	18	2022-07-20 20:00:00	f	\N	\N	\N
2403	18	2022-07-20 20:15:00	f	\N	\N	\N
2404	18	2022-07-20 20:30:00	f	\N	\N	\N
2405	18	2022-07-20 20:45:00	f	\N	\N	\N
2406	18	2022-07-27 19:45:00	f	\N	\N	\N
2407	18	2022-07-27 20:00:00	f	\N	\N	\N
2408	18	2022-07-27 20:15:00	f	\N	\N	\N
2409	18	2022-07-27 20:30:00	f	\N	\N	\N
2410	18	2022-07-27 20:45:00	f	\N	\N	\N
2411	18	2022-08-03 19:45:00	f	\N	\N	\N
2412	18	2022-08-03 20:00:00	f	\N	\N	\N
2413	18	2022-08-03 20:15:00	f	\N	\N	\N
2414	18	2022-08-03 20:30:00	f	\N	\N	\N
2415	18	2022-08-03 20:45:00	f	\N	\N	\N
2416	18	2022-08-10 19:45:00	f	\N	\N	\N
2417	18	2022-08-10 20:00:00	f	\N	\N	\N
2418	18	2022-08-10 20:15:00	f	\N	\N	\N
2419	18	2022-08-10 20:30:00	f	\N	\N	\N
2420	18	2022-08-10 20:45:00	f	\N	\N	\N
2421	18	2022-08-17 19:45:00	f	\N	\N	\N
2422	18	2022-08-17 20:00:00	f	\N	\N	\N
2423	18	2022-08-17 20:15:00	f	\N	\N	\N
2424	18	2022-08-17 20:30:00	f	\N	\N	\N
2425	18	2022-08-17 20:45:00	f	\N	\N	\N
2426	18	2022-08-24 19:45:00	f	\N	\N	\N
2427	18	2022-08-24 20:00:00	f	\N	\N	\N
2428	18	2022-08-24 20:15:00	f	\N	\N	\N
2429	18	2022-08-24 20:30:00	f	\N	\N	\N
2430	18	2022-08-24 20:45:00	f	\N	\N	\N
2431	18	2022-08-31 19:45:00	f	\N	\N	\N
2432	18	2022-08-31 20:00:00	f	\N	\N	\N
2433	18	2022-08-31 20:15:00	f	\N	\N	\N
2434	18	2022-08-31 20:30:00	f	\N	\N	\N
2435	18	2022-08-31 20:45:00	f	\N	\N	\N
2436	18	2022-09-07 19:45:00	f	\N	\N	\N
2437	18	2022-09-07 20:00:00	f	\N	\N	\N
2438	18	2022-09-07 20:15:00	f	\N	\N	\N
2439	18	2022-09-07 20:30:00	f	\N	\N	\N
2440	18	2022-09-07 20:45:00	f	\N	\N	\N
2441	18	2022-09-14 19:45:00	f	\N	\N	\N
2442	18	2022-09-14 20:00:00	f	\N	\N	\N
2443	18	2022-09-14 20:15:00	f	\N	\N	\N
2444	18	2022-09-14 20:30:00	f	\N	\N	\N
2445	18	2022-09-14 20:45:00	f	\N	\N	\N
2446	18	2022-09-21 19:45:00	f	\N	\N	\N
2447	18	2022-09-21 20:00:00	f	\N	\N	\N
2448	18	2022-09-21 20:15:00	f	\N	\N	\N
2449	18	2022-09-21 20:30:00	f	\N	\N	\N
2450	18	2022-09-21 20:45:00	f	\N	\N	\N
2451	18	2022-09-28 19:45:00	f	\N	\N	\N
2452	18	2022-09-28 20:00:00	f	\N	\N	\N
2453	18	2022-09-28 20:15:00	f	\N	\N	\N
2454	18	2022-09-28 20:30:00	f	\N	\N	\N
2455	18	2022-09-28 20:45:00	f	\N	\N	\N
2456	18	2022-10-05 19:45:00	f	\N	\N	\N
2457	18	2022-10-05 20:00:00	f	\N	\N	\N
2458	18	2022-10-05 20:15:00	f	\N	\N	\N
2459	18	2022-10-05 20:30:00	f	\N	\N	\N
2460	18	2022-10-05 20:45:00	f	\N	\N	\N
2461	18	2022-10-12 19:45:00	f	\N	\N	\N
2462	18	2022-10-12 20:00:00	f	\N	\N	\N
2463	18	2022-10-12 20:15:00	f	\N	\N	\N
2464	18	2022-10-12 20:30:00	f	\N	\N	\N
2465	18	2022-10-12 20:45:00	f	\N	\N	\N
2466	18	2022-10-19 19:45:00	f	\N	\N	\N
2467	18	2022-10-19 20:00:00	f	\N	\N	\N
2468	18	2022-10-19 20:15:00	f	\N	\N	\N
2469	18	2022-10-19 20:30:00	f	\N	\N	\N
2470	18	2022-10-19 20:45:00	f	\N	\N	\N
2471	18	2022-10-26 19:45:00	f	\N	\N	\N
2472	18	2022-10-26 20:00:00	f	\N	\N	\N
2473	18	2022-10-26 20:15:00	f	\N	\N	\N
2474	18	2022-10-26 20:30:00	f	\N	\N	\N
2475	18	2022-10-26 20:45:00	f	\N	\N	\N
2476	18	2022-11-02 19:45:00	f	\N	\N	\N
2477	18	2022-11-02 20:00:00	f	\N	\N	\N
2478	18	2022-11-02 20:15:00	f	\N	\N	\N
2479	18	2022-11-02 20:30:00	f	\N	\N	\N
2480	18	2022-11-02 20:45:00	f	\N	\N	\N
2481	18	2022-11-09 19:45:00	f	\N	\N	\N
2482	18	2022-11-09 20:00:00	f	\N	\N	\N
2483	18	2022-11-09 20:15:00	f	\N	\N	\N
2484	18	2022-11-09 20:30:00	f	\N	\N	\N
2485	18	2022-11-09 20:45:00	f	\N	\N	\N
2486	18	2022-11-16 19:45:00	f	\N	\N	\N
2487	18	2022-11-16 20:00:00	f	\N	\N	\N
2488	18	2022-11-16 20:15:00	f	\N	\N	\N
2489	18	2022-11-16 20:30:00	f	\N	\N	\N
2490	18	2022-11-16 20:45:00	f	\N	\N	\N
2491	18	2022-11-23 19:45:00	f	\N	\N	\N
2492	18	2022-11-23 20:00:00	f	\N	\N	\N
2493	18	2022-11-23 20:15:00	f	\N	\N	\N
2494	18	2022-11-23 20:30:00	f	\N	\N	\N
2495	18	2022-11-23 20:45:00	f	\N	\N	\N
2496	18	2022-11-30 19:45:00	f	\N	\N	\N
2497	18	2022-11-30 20:00:00	f	\N	\N	\N
2498	18	2022-11-30 20:15:00	f	\N	\N	\N
2499	18	2022-11-30 20:30:00	f	\N	\N	\N
2500	18	2022-11-30 20:45:00	f	\N	\N	\N
2501	18	2022-12-07 19:45:00	f	\N	\N	\N
2502	18	2022-12-07 20:00:00	f	\N	\N	\N
2503	18	2022-12-07 20:15:00	f	\N	\N	\N
2504	18	2022-12-07 20:30:00	f	\N	\N	\N
2505	18	2022-12-07 20:45:00	f	\N	\N	\N
2506	18	2022-12-14 19:45:00	f	\N	\N	\N
2507	18	2022-12-14 20:00:00	f	\N	\N	\N
2508	18	2022-12-14 20:15:00	f	\N	\N	\N
2509	18	2022-12-14 20:30:00	f	\N	\N	\N
2510	18	2022-12-14 20:45:00	f	\N	\N	\N
2511	18	2022-12-21 19:45:00	f	\N	\N	\N
2512	18	2022-12-21 20:00:00	f	\N	\N	\N
2513	18	2022-12-21 20:15:00	f	\N	\N	\N
2514	18	2022-12-21 20:30:00	f	\N	\N	\N
2515	18	2022-12-21 20:45:00	f	\N	\N	\N
2516	18	2022-12-28 19:45:00	f	\N	\N	\N
2517	18	2022-12-28 20:00:00	f	\N	\N	\N
2518	18	2022-12-28 20:15:00	f	\N	\N	\N
2519	18	2022-12-28 20:30:00	f	\N	\N	\N
2520	18	2022-12-28 20:45:00	f	\N	\N	\N
2521	18	2023-01-04 19:45:00	f	\N	\N	\N
2522	18	2023-01-04 20:00:00	f	\N	\N	\N
2523	18	2023-01-04 20:15:00	f	\N	\N	\N
2524	18	2023-01-04 20:30:00	f	\N	\N	\N
2525	18	2023-01-04 20:45:00	f	\N	\N	\N
2526	18	2023-01-11 19:45:00	f	\N	\N	\N
2527	18	2023-01-11 20:00:00	f	\N	\N	\N
2528	18	2023-01-11 20:15:00	f	\N	\N	\N
2529	18	2023-01-11 20:30:00	f	\N	\N	\N
2530	18	2023-01-11 20:45:00	f	\N	\N	\N
2531	18	2023-01-18 19:45:00	f	\N	\N	\N
2532	18	2023-01-18 20:00:00	f	\N	\N	\N
2533	18	2023-01-18 20:15:00	f	\N	\N	\N
2534	18	2023-01-18 20:30:00	f	\N	\N	\N
2535	18	2023-01-18 20:45:00	f	\N	\N	\N
2536	18	2023-01-25 19:45:00	f	\N	\N	\N
2537	18	2023-01-25 20:00:00	f	\N	\N	\N
2538	18	2023-01-25 20:15:00	f	\N	\N	\N
2539	18	2023-01-25 20:30:00	f	\N	\N	\N
2540	18	2023-01-25 20:45:00	f	\N	\N	\N
2541	18	2023-02-01 19:45:00	f	\N	\N	\N
2542	18	2023-02-01 20:00:00	f	\N	\N	\N
2543	18	2023-02-01 20:15:00	f	\N	\N	\N
2544	18	2023-02-01 20:30:00	f	\N	\N	\N
2545	18	2023-02-01 20:45:00	f	\N	\N	\N
2546	18	2023-02-08 19:45:00	f	\N	\N	\N
2547	18	2023-02-08 20:00:00	f	\N	\N	\N
2548	18	2023-02-08 20:15:00	f	\N	\N	\N
2549	18	2023-02-08 20:30:00	f	\N	\N	\N
2550	18	2023-02-08 20:45:00	f	\N	\N	\N
\.


--
-- Data for Name: user; Type: TABLE DATA; Schema: public; Owner: postgres
--

COPY public."user" (id, type) FROM stdin;
1	patient
2	patient
3	doctor
4	doctor
7	doctor
8	doctor
9	doctor
10	doctor
11	doctor
12	doctor
13	doctor
14	doctor
15	doctor
16	doctor
17	doctor
18	doctor
\.


--
-- Name: communities_id_seq; Type: SEQUENCE SET; Schema: public; Owner: postgres
--

SELECT pg_catalog.setval('public.communities_id_seq', 10, true);


--
-- Name: doctor_communities_id_seq; Type: SEQUENCE SET; Schema: public; Owner: postgres
--

SELECT pg_catalog.setval('public.doctor_communities_id_seq', 18, true);


--
-- Name: schedule_id_seq; Type: SEQUENCE SET; Schema: public; Owner: postgres
--

SELECT pg_catalog.setval('public.schedule_id_seq', 2550, true);


--
-- Name: user_id_seq; Type: SEQUENCE SET; Schema: public; Owner: postgres
--

SELECT pg_catalog.setval('public.user_id_seq', 18, true);


--
-- Name: communities communities_pkey; Type: CONSTRAINT; Schema: public; Owner: postgres
--

ALTER TABLE ONLY public.communities
    ADD CONSTRAINT communities_pkey PRIMARY KEY (id);


--
-- Name: doctor_communities doctor_communities_pkey; Type: CONSTRAINT; Schema: public; Owner: postgres
--

ALTER TABLE ONLY public.doctor_communities
    ADD CONSTRAINT doctor_communities_pkey PRIMARY KEY (id);


--
-- Name: doctor doctor_email_key; Type: CONSTRAINT; Schema: public; Owner: postgres
--

ALTER TABLE ONLY public.doctor
    ADD CONSTRAINT doctor_email_key UNIQUE (email);


--
-- Name: doctor doctor_npi_key; Type: CONSTRAINT; Schema: public; Owner: postgres
--

ALTER TABLE ONLY public.doctor
    ADD CONSTRAINT doctor_npi_key UNIQUE (npi);


--
-- Name: doctor doctor_phoneNumber_key; Type: CONSTRAINT; Schema: public; Owner: postgres
--

ALTER TABLE ONLY public.doctor
    ADD CONSTRAINT "doctor_phoneNumber_key" UNIQUE ("phoneNumber");


--
-- Name: doctor doctor_pkey; Type: CONSTRAINT; Schema: public; Owner: postgres
--

ALTER TABLE ONLY public.doctor
    ADD CONSTRAINT doctor_pkey PRIMARY KEY (id);


--
-- Name: patient patient_email_key; Type: CONSTRAINT; Schema: public; Owner: postgres
--

ALTER TABLE ONLY public.patient
    ADD CONSTRAINT patient_email_key UNIQUE (email);


--
-- Name: patient patient_phoneNumber_key; Type: CONSTRAINT; Schema: public; Owner: postgres
--

ALTER TABLE ONLY public.patient
    ADD CONSTRAINT "patient_phoneNumber_key" UNIQUE ("phoneNumber");


--
-- Name: patient patient_pkey; Type: CONSTRAINT; Schema: public; Owner: postgres
--

ALTER TABLE ONLY public.patient
    ADD CONSTRAINT patient_pkey PRIMARY KEY (id);


--
-- Name: schedule schedule_patient_id_key; Type: CONSTRAINT; Schema: public; Owner: postgres
--

ALTER TABLE ONLY public.schedule
    ADD CONSTRAINT schedule_patient_id_key UNIQUE (patient_id);


--
-- Name: schedule schedule_pkey; Type: CONSTRAINT; Schema: public; Owner: postgres
--

ALTER TABLE ONLY public.schedule
    ADD CONSTRAINT schedule_pkey PRIMARY KEY (id);


--
-- Name: user user_pkey; Type: CONSTRAINT; Schema: public; Owner: postgres
--

ALTER TABLE ONLY public."user"
    ADD CONSTRAINT user_pkey PRIMARY KEY (id);


--
-- Name: doctor_communities doctor_communities_doctor_id_fkey; Type: FK CONSTRAINT; Schema: public; Owner: postgres
--

ALTER TABLE ONLY public.doctor_communities
    ADD CONSTRAINT doctor_communities_doctor_id_fkey FOREIGN KEY (doctor_id) REFERENCES public.doctor(id);


--
-- Name: doctor doctor_id_fkey; Type: FK CONSTRAINT; Schema: public; Owner: postgres
--

ALTER TABLE ONLY public.doctor
    ADD CONSTRAINT doctor_id_fkey FOREIGN KEY (id) REFERENCES public."user"(id);


--
-- Name: patient patient_id_fkey; Type: FK CONSTRAINT; Schema: public; Owner: postgres
--

ALTER TABLE ONLY public.patient
    ADD CONSTRAINT patient_id_fkey FOREIGN KEY (id) REFERENCES public."user"(id);


--
-- Name: schedule schedule_doctor_id_fkey; Type: FK CONSTRAINT; Schema: public; Owner: postgres
--

ALTER TABLE ONLY public.schedule
    ADD CONSTRAINT schedule_doctor_id_fkey FOREIGN KEY (doctor_id) REFERENCES public.doctor(id);


--
-- PostgreSQL database dump complete
--

